"GO.ID","Term","Annotated","Significant","Expected","Fis","Enrichment","cluster"
"GO:0003724","RNA helicase activity",27,8,2.85,"0.0052",2.80701754385965,"cluster1"
"GO:0010181","FMN binding",12,5,1.27,"0.0054",3.93700787401575,"cluster1"
"GO:0008170","N-methyltransferase activity",13,5,1.37,"0.0060",3.64963503649635,"cluster1"
"GO:0004620","phospholipase activity",14,5,1.48,"0.0114",3.37837837837838,"cluster1"
"GO:0008276","protein methyltransferase activity",15,6,1.58,"0.0181",3.79746835443038,"cluster1"
"GO:0015631","tubulin binding",31,7,3.27,"0.0181",2.14067278287462,"cluster1"
"GO:0050660","flavin adenine dinucleotide binding",46,8,4.86,"0.0184",1.64609053497942,"cluster1"
"GO:0016854","racemase and epimerase activity",11,4,1.16,"0.0221",3.44827586206897,"cluster1"
"GO:0050661","NADP binding",23,6,2.43,"0.0284",2.46913580246914,"cluster1"
"GO:0005547","phosphatidylinositol-3,4,5-trisphosphate binding",12,4,1.27,"0.0305",3.1496062992126,"cluster1"
"GO:0030515","snoRNA binding",18,5,1.9,"0.0403",2.63157894736842,"cluster1"
"GO:0008374","O-acyltransferase activity",8,3,0.85,"0.0437",3.52941176470588,"cluster1"
"GO:0008757","S-adenosylmethionine-dependent methyltransferase activity",47,11,4.96,"0.0441",2.21774193548387,"cluster1"
"GO:0070008","serine-type exopeptidase activity",14,4,1.48,"0.0521",2.7027027027027,"cluster1"
"GO:0008081","phosphoric diester hydrolase activity",14,4,1.48,"0.0521",2.7027027027027,"cluster1"
"GO:0043022","ribosome binding",29,6,3.06,"0.0744",1.96078431372549,"cluster1"
"GO:0016747","acyltransferase activity, transferring groups other than amino-acyl groups",75,14,7.92,"0.0755",1.76767676767677,"cluster1"
"GO:0004000","adenosine deaminase activity",5,2,0.53,"0.0897",3.77358490566038,"cluster1"
"GO:0016435","rRNA (guanine) methyltransferase activity",5,2,0.53,"0.0897",3.77358490566038,"cluster1"
"GO:0031210","phosphatidylcholine binding",5,2,0.53,"0.0897",3.77358490566038,"cluster1"
"GO:0016653","oxidoreductase activity, acting on NAD(P)H, heme protein as acceptor",5,2,0.53,"0.0897",3.77358490566038,"cluster1"
"GO:0061629","RNA polymerase II-specific DNA-binding transcription factor binding",5,2,0.53,"0.0897",3.77358490566038,"cluster1"
"GO:0008474","palmitoyl-(protein) hydrolase activity",5,2,0.53,"0.0897",3.77358490566038,"cluster1"
"GO:0004017","adenylate kinase activity",5,2,0.53,"0.0897",3.77358490566038,"cluster1"
"GO:0016421","CoA carboxylase activity",5,2,0.53,"0.0897",3.77358490566038,"cluster1"
"GO:0016628","oxidoreductase activity, acting on the CH-CH group of donors, NAD or NADP as acceptor",11,3,1.16,"0.1016",2.58620689655172,"cluster1"
"GO:0016818","hydrolase activity, acting on acid anhydrides, in phosphorus-containing anhydrides",266,32,28.1,"0.1047",1.13879003558719,"cluster1"
"GO:0015075","monoatomic ion transmembrane transporter activity",45,6,4.75,"0.1055",1.26315789473684,"cluster1"
"GO:0016684","oxidoreductase activity, acting on peroxide as acceptor",18,2,1.9,"0.1059",1.05263157894737,"cluster1"
"GO:0042054","histone methyltransferase activity",6,2,0.63,"0.1254",3.17460317460317,"cluster1"
"GO:0008080","N-acetyltransferase activity",19,3,2.01,"0.1256",1.49253731343284,"cluster1"
"GO:0016887","ATP hydrolysis activity",140,19,14.79,"0.1491",1.28465179175118,"cluster1"
"GO:0003713","transcription coactivator activity",13,3,1.37,"0.1508",2.18978102189781,"cluster1"
"GO:1901681","sulfur compound binding",13,3,1.37,"0.1508",2.18978102189781,"cluster1"
"GO:0016407","acetyltransferase activity",26,5,2.75,"0.1630",1.81818181818182,"cluster1"
"GO:0070566","adenylyltransferase activity",7,2,0.74,"0.1637",2.7027027027027,"cluster1"
"GO:0008289","lipid binding",116,16,12.25,"0.1711",1.30612244897959,"cluster1"
"GO:0005085","guanyl-nucleotide exchange factor activity",60,9,6.34,"0.1769",1.41955835962145,"cluster1"
"GO:0044877","protein-containing complex binding",183,21,19.33,"0.1857",1.08639420589757,"cluster1"
"GO:0008238","exopeptidase activity",35,6,3.7,"0.1994",1.62162162162162,"cluster1"
"GO:0019783","ubiquitin-like protein peptidase activity",21,3,2.22,"0.2001",1.35135135135135,"cluster1"
"GO:0061659","ubiquitin-like protein ligase activity",21,3,2.22,"0.2001",1.35135135135135,"cluster1"
"GO:0016634","oxidoreductase activity, acting on the CH-CH group of donors, oxygen as acceptor",12,2,1.27,"0.2002",1.5748031496063,"cluster1"
"GO:0016251","RNA polymerase II general transcription initiation factor activity",8,2,0.85,"0.2037",2.35294117647059,"cluster1"
"GO:0003777","microtubule motor activity",8,2,0.85,"0.2037",2.35294117647059,"cluster1"
"GO:0008320","protein transmembrane transporter activity",8,2,0.85,"0.2037",2.35294117647059,"cluster1"
"GO:0016812","hydrolase activity, acting on carbon-nitrogen (but not peptide) bonds, in cyclic amides",8,2,0.85,"0.2037",2.35294117647059,"cluster1"
"GO:0008239","dipeptidyl-peptidase activity",9,2,0.95,"0.2446",2.10526315789474,"cluster1"
"GO:0016853","isomerase activity",78,9,8.24,"0.2449",1.09223300970874,"cluster1"
"GO:0008168","methyltransferase activity",68,14,7.18,"0.2569",1.94986072423398,"cluster1"
"GO:0008017","microtubule binding",25,4,2.64,"0.2678",1.51515151515152,"cluster1"
"GO:0005096","GTPase activator activity",59,8,6.23,"0.2811",1.28410914927769,"cluster1"
"GO:1990837","sequence-specific double-stranded DNA binding",22,3,2.32,"0.2847",1.29310344827586,"cluster1"
"GO:0008641","ubiquitin-like modifier activating enzyme activity",10,2,1.06,"0.2858",1.88679245283019,"cluster1"
"GO:0030295","protein kinase activator activity",18,3,1.9,"0.2947",1.57894736842105,"cluster1"
"GO:0019843","rRNA binding",35,5,3.7,"0.3083",1.35135135135135,"cluster1"
"GO:0000166","nucleotide binding",703,75,74.26,"0.3254",1.00996498788042,"cluster1"
"GO:0016702","oxidoreductase activity, acting on single donors with incorporation of molecular oxygen, incorporation of two atoms of oxygen",11,2,1.16,"0.3267",1.72413793103448,"cluster1"
"GO:0008171","O-methyltransferase activity",11,2,1.16,"0.3267",1.72413793103448,"cluster1"
"GO:0061631","ubiquitin conjugating enzyme activity",11,2,1.16,"0.3267",1.72413793103448,"cluster1"
"GO:0004497","monooxygenase activity",20,3,2.11,"0.3553",1.4218009478673,"cluster1"
"GO:0016627","oxidoreductase activity, acting on the CH-CH group of donors",32,7,3.38,"0.3578",2.07100591715976,"cluster1"
"GO:0008134","transcription factor binding",9,3,0.95,"0.3591",3.15789473684211,"cluster1"
"GO:0008234","cysteine-type peptidase activity",38,5,4.01,"0.3600",1.24688279301746,"cluster1"
"GO:0042626","ATPase-coupled transmembrane transporter activity",45,5,4.75,"0.3606",1.05263157894737,"cluster1"
"GO:0004659","prenyltransferase activity",12,2,1.27,"0.3669",1.5748031496063,"cluster1"
"GO:0005504","fatty acid binding",12,2,1.27,"0.3669",1.5748031496063,"cluster1"
"GO:0052689","carboxylic ester hydrolase activity",29,4,3.06,"0.3851",1.30718954248366,"cluster1"
"GO:0030170","pyridoxal phosphate binding",30,4,3.17,"0.3926",1.26182965299685,"cluster1"
"GO:0004386","helicase activity",50,10,5.28,"0.4006",1.89393939393939,"cluster1"
"GO:0003785","actin monomer binding",13,2,1.37,"0.4062",1.45985401459854,"cluster1"
"GO:0003746","translation elongation factor activity",13,2,1.37,"0.4062",1.45985401459854,"cluster1"
"GO:0004315","3-oxoacyl-[acyl-carrier-protein] synthase activity",13,2,1.37,"0.4062",1.45985401459854,"cluster1"
"GO:0003735","structural constituent of ribosome",123,14,12.99,"0.4258",1.07775211701309,"cluster1"
"GO:0008649","rRNA methyltransferase activity",10,3,1.06,"0.4266",2.83018867924528,"cluster1"
"GO:0046943","carboxylic acid transmembrane transporter activity",10,2,1.06,"0.4275",1.88679245283019,"cluster1"
"GO:0004129","cytochrome-c oxidase activity",5,1,0.53,"0.4280",1.88679245283019,"cluster1"
"GO:0008526","phosphatidylinositol transfer activity",5,1,0.53,"0.4280",1.88679245283019,"cluster1"
"GO:0016279","protein-lysine N-methyltransferase activity",5,1,0.53,"0.4280",1.88679245283019,"cluster1"
"GO:0008192","RNA guanylyltransferase activity",5,1,0.53,"0.4280",1.88679245283019,"cluster1"
"GO:0030983","mismatched DNA binding",5,1,0.53,"0.4280",1.88679245283019,"cluster1"
"GO:0016886","ligase activity, forming phosphoric ester bonds",5,1,0.53,"0.4280",1.88679245283019,"cluster1"
"GO:0015171","amino acid transmembrane transporter activity",5,1,0.53,"0.4280",1.88679245283019,"cluster1"
"GO:0034511","U3 snoRNA binding",5,1,0.53,"0.4280",1.88679245283019,"cluster1"
"GO:0017070","U6 snRNA binding",5,1,0.53,"0.4280",1.88679245283019,"cluster1"
"GO:0070567","cytidylyltransferase activity",5,1,0.53,"0.4280",1.88679245283019,"cluster1"
"GO:0003689","DNA clamp loader activity",5,1,0.53,"0.4280",1.88679245283019,"cluster1"
"GO:0051020","GTPase binding",55,6,5.81,"0.4282",1.03270223752151,"cluster1"
"GO:0020037","heme binding",32,4,3.38,"0.4422",1.18343195266272,"cluster1"
"GO:0016705","oxidoreductase activity, acting on paired donors, with incorporation or reduction of molecular oxygen",33,4,3.49,"0.4731",1.14613180515759,"cluster1"
"GO:0016462","pyrophosphatase activity",265,31,27.99,"0.4769",1.10753840657378,"cluster1"
"GO:0000287","magnesium ion binding",43,5,4.54,"0.4821",1.10132158590308,"cluster1"
"GO:0016776","phosphotransferase activity, phosphate group as acceptor",15,3,1.58,"0.4874",1.89873417721519,"cluster1"
"GO:0003735","structural constituent of ribosome",123,47,15.35,"1.1e-13",3.06188925081433,"cluster2"
"GO:0003723","RNA binding",370,65,46.17,"0.00078",1.40784058912714,"cluster2"
"GO:0048306","calcium-dependent protein binding",5,4,0.62,"0.00108",6.45161290322581,"cluster2"
"GO:0061630","ubiquitin protein ligase activity",19,8,2.37,"0.00119",3.37552742616034,"cluster2"
"GO:0019887","protein kinase regulator activity",45,13,5.62,"0.00782",2.31316725978648,"cluster2"
"GO:0005085","guanyl-nucleotide exchange factor activity",60,14,7.49,"0.01357",1.86915887850467,"cluster2"
"GO:0019787","ubiquitin-like protein transferase activity",47,12,5.87,"0.01523",2.0442930153322,"cluster2"
"GO:0070003","threonine-type peptidase activity",5,3,0.62,"0.01590",4.83870967741935,"cluster2"
"GO:0106310","protein serine kinase activity",74,16,9.23,"0.01786",1.73347778981582,"cluster2"
"GO:0005509","calcium ion binding",74,16,9.23,"0.01786",1.73347778981582,"cluster2"
"GO:0019843","rRNA binding",35,9,4.37,"0.02426",2.05949656750572,"cluster2"
"GO:0004683","calmodulin-dependent protein kinase activity",6,3,0.75,"0.02888",4,"cluster2"
"GO:0042802","identical protein binding",46,10,5.74,"0.05320",1.74216027874564,"cluster2"
"GO:0008017","microtubule binding",25,6,3.12,"0.08185",1.92307692307692,"cluster2"
"GO:0001664","G protein-coupled receptor binding",9,3,1.12,"0.09127",2.67857142857143,"cluster2"
"GO:0005507","copper ion binding",9,3,1.12,"0.09127",2.67857142857143,"cluster2"
"GO:0051287","NAD binding",20,5,2.5,"0.09389",2,"cluster2"
"GO:0032934","sterol binding",15,4,1.87,"0.10683",2.13903743315508,"cluster2"
"GO:0051015","actin filament binding",80,14,9.98,"0.11697",1.40280561122244,"cluster2"
"GO:0004674","protein serine/threonine kinase activity",92,19,11.48,"0.12011",1.65505226480836,"cluster2"
"GO:0003689","DNA clamp loader activity",5,2,0.62,"0.12026",3.2258064516129,"cluster2"
"GO:0004661","protein geranylgeranyltransferase activity",5,2,0.62,"0.12026",3.2258064516129,"cluster2"
"GO:0045159","myosin II binding",5,2,0.62,"0.12026",3.2258064516129,"cluster2"
"GO:0004129","cytochrome-c oxidase activity",5,2,0.62,"0.12026",3.2258064516129,"cluster2"
"GO:0072542","protein phosphatase activator activity",5,2,0.62,"0.12026",3.2258064516129,"cluster2"
"GO:0017024","myosin I binding",5,2,0.62,"0.12026",3.2258064516129,"cluster2"
"GO:0061629","RNA polymerase II-specific DNA-binding transcription factor binding",5,2,0.62,"0.12026",3.2258064516129,"cluster2"
"GO:0070402","NADPH binding",5,2,0.62,"0.12026",3.2258064516129,"cluster2"
"GO:0004693","cyclin-dependent protein serine/threonine kinase activity",5,2,0.62,"0.12026",3.2258064516129,"cluster2"
"GO:0051213","dioxygenase activity",25,4,3.12,"0.12049",1.28205128205128,"cluster2"
"GO:0019210","kinase inhibitor activity",9,3,1.12,"0.12451",2.67857142857143,"cluster2"
"GO:0120013","lipid transfer activity",6,2,0.75,"0.12468",2.66666666666667,"cluster2"
"GO:0016859","cis-trans isomerase activity",22,3,2.75,"0.12496",1.09090909090909,"cluster2"
"GO:0031683","G-protein beta/gamma-subunit complex binding",11,3,1.37,"0.14886",2.18978102189781,"cluster2"
"GO:0004722","protein serine/threonine phosphatase activity",17,4,2.12,"0.15310",1.88679245283019,"cluster2"
"GO:0017056","structural constituent of nuclear pore",17,4,2.12,"0.15310",1.88679245283019,"cluster2"
"GO:0008312","7S RNA binding",6,2,0.75,"0.16594",2.66666666666667,"cluster2"
"GO:0004176","ATP-dependent peptidase activity",6,2,0.75,"0.16594",2.66666666666667,"cluster2"
"GO:0031624","ubiquitin conjugating enzyme binding",6,2,0.75,"0.16594",2.66666666666667,"cluster2"
"GO:0043539","protein serine/threonine kinase activator activity",6,2,0.75,"0.16594",2.66666666666667,"cluster2"
"GO:0046933","proton-transporting ATP synthase activity, rotational mechanism",6,2,0.75,"0.16594",2.66666666666667,"cluster2"
"GO:0008047","enzyme activator activity",99,16,12.35,"0.17915",1.29554655870445,"cluster2"
"GO:0000146","microfilament motor activity",12,3,1.5,"0.18107",2,"cluster2"
"GO:0005547","phosphatidylinositol-3,4,5-trisphosphate binding",12,3,1.5,"0.18107",2,"cluster2"
"GO:0043130","ubiquitin binding",19,4,2.37,"0.20544",1.68776371308017,"cluster2"
"GO:0140677","molecular function activator activity",106,18,13.23,"0.21110",1.36054421768707,"cluster2"
"GO:0016878","acid-thiol ligase activity",14,3,1.75,"0.21385",1.71428571428571,"cluster2"
"GO:0019205","nucleobase-containing compound kinase activity",23,4,2.87,"0.21394",1.39372822299652,"cluster2"
"GO:0016846","carbon-sulfur lyase activity",7,2,0.87,"0.21394",2.29885057471264,"cluster2"
"GO:0004784","superoxide dismutase activity",7,2,0.87,"0.21394",2.29885057471264,"cluster2"
"GO:0032182","ubiquitin-like protein binding",21,5,2.62,"0.23323",1.90839694656489,"cluster2"
"GO:0051087","protein-folding chaperone binding",20,4,2.5,"0.23333",1.6,"cluster2"
"GO:0005484","SNAP receptor activity",20,4,2.5,"0.23333",1.6,"cluster2"
"GO:0004527","exonuclease activity",19,3,2.37,"0.23410",1.26582278481013,"cluster2"
"GO:0044389","ubiquitin-like protein ligase binding",12,2,1.5,"0.23416",1.33333333333333,"cluster2"
"GO:0034212","peptide N-acetyltransferase activity",13,2,1.62,"0.23422",1.23456790123457,"cluster2"
"GO:0030554","adenyl nucleotide binding",510,64,63.64,"0.23427",1.00565681961031,"cluster2"
"GO:0003730","mRNA 3'-UTR binding",8,2,1,"0.26298",2,"cluster2"
"GO:0097602","cullin family protein binding",8,2,1,"0.26298",2,"cluster2"
"GO:0004860","protein kinase inhibitor activity",8,2,1,"0.26298",2,"cluster2"
"GO:0052866","phosphatidylinositol phosphate phosphatase activity",8,2,1,"0.26298",2,"cluster2"
"GO:0030527","structural constituent of chromatin",8,2,1,"0.26298",2,"cluster2"
"GO:0000287","magnesium ion binding",43,7,5.37,"0.28526",1.30353817504655,"cluster2"
"GO:0005525","GTP binding",140,20,17.47,"0.29081",1.14481969089868,"cluster2"
"GO:0017022","myosin binding",22,7,2.75,"0.30866",2.54545454545455,"cluster2"
"GO:0003779","actin binding",116,19,14.48,"0.31132",1.3121546961326,"cluster2"
"GO:0016773","phosphotransferase activity, alcohol group as acceptor",149,27,18.59,"0.31173",1.45239376008607,"cluster2"
"GO:0048029","monosaccharide binding",9,2,1.12,"0.31203",1.78571428571429,"cluster2"
"GO:0016667","oxidoreductase activity, acting on a sulfur group of donors",21,3,2.62,"0.31253",1.14503816793893,"cluster2"
"GO:0009055","electron transfer activity",35,6,4.37,"0.32103",1.37299771167048,"cluster2"
"GO:0008483","transaminase activity",16,3,2,"0.32186",1.5,"cluster2"
"GO:0005546","phosphatidylinositol-4,5-bisphosphate binding",16,3,2,"0.32186",1.5,"cluster2"
"GO:0019900","kinase binding",36,6,4.49,"0.32910",1.33630289532294,"cluster2"
"GO:0005515","protein binding",676,104,84.36,"0.33110",1.23281175912755,"cluster2"
"GO:0001727","lipid kinase activity",10,2,1.25,"0.36035",1.6,"cluster2"
"GO:0020037","heme binding",32,5,3.99,"0.36934",1.2531328320802,"cluster2"
"GO:0046982","protein heterodimerization activity",18,3,2.25,"0.39390",1.33333333333333,"cluster2"
"GO:0019901","protein kinase binding",33,5,4.12,"0.39551",1.21359223300971,"cluster2"
"GO:0035091","phosphatidylinositol binding",45,8,5.62,"0.40528",1.42348754448399,"cluster2"
"GO:0051082","unfolded protein binding",41,6,5.12,"0.40558",1.171875,"cluster2"
"GO:0003925","G protein activity",11,2,1.37,"0.40735",1.45985401459854,"cluster2"
"GO:0016854","racemase and epimerase activity",11,2,1.37,"0.40735",1.45985401459854,"cluster2"
"GO:0005102","signaling receptor binding",13,4,1.62,"0.41197",2.46913580246914,"cluster2"
"GO:1902936","phosphatidylinositol bisphosphate binding",20,4,2.5,"0.41263",1.6,"cluster2"
"GO:0016796","exonuclease activity, active with either ribo- or deoxyribonucleic acids and producing 5'-phosphomonoesters",13,2,1.62,"0.41349",1.23456790123457,"cluster2"
"GO:0016645","oxidoreductase activity, acting on the CH-NH group of donors",14,2,1.75,"0.41358",1.14285714285714,"cluster2"
"GO:0000149","SNARE binding",27,4,3.37,"0.44042",1.18694362017804,"cluster2"
"GO:0003899","DNA-directed 5'-3' RNA polymerase activity",27,4,3.37,"0.44042",1.18694362017804,"cluster2"
"GO:0030295","protein kinase activator activity",18,4,2.25,"0.45107",1.77777777777778,"cluster2"
"GO:0016763","pentosyltransferase activity",18,3,2.25,"0.45230",1.33333333333333,"cluster2"
"GO:0046961","proton-transporting ATPase activity, rotational mechanism",12,2,1.5,"0.45261",1.33333333333333,"cluster2"
"GO:0030695","GTPase regulator activity",119,18,14.85,"0.48431",1.21212121212121,"cluster2"
"GO:0008649","rRNA methyltransferase activity",10,2,1.25,"0.48637",1.6,"cluster2"
"GO:0003684","damaged DNA binding",5,1,0.62,"0.48668",1.61290322580645,"cluster2"
"GO:0008192","RNA guanylyltransferase activity",5,1,0.62,"0.48668",1.61290322580645,"cluster2"
"GO:0019904","protein domain specific binding",5,3,0.47,"0.0073",6.38297872340426,"cluster3"
"GO:0061631","ubiquitin conjugating enzyme activity",11,4,1.04,"0.0153",3.84615384615385,"cluster3"
"GO:0016783","sulfurtransferase activity",7,3,0.66,"0.0222",4.54545454545454,"cluster3"
"GO:0003730","mRNA 3'-UTR binding",8,3,0.76,"0.0331",3.94736842105263,"cluster3"
"GO:0005484","SNAP receptor activity",20,5,1.9,"0.0351",2.63157894736842,"cluster3"
"GO:0019888","protein phosphatase regulator activity",14,4,1.33,"0.0460",3.00751879699248,"cluster3"
"GO:0004722","protein serine/threonine phosphatase activity",17,4,1.61,"0.0704",2.48447204968944,"cluster3"
"GO:0016782","transferase activity, transferring sulphur-containing groups",12,5,1.14,"0.0731",4.3859649122807,"cluster3"
"GO:0004687","myosin light chain kinase activity",5,2,0.47,"0.0741",4.25531914893617,"cluster3"
"GO:0003796","lysozyme activity",5,2,0.47,"0.0741",4.25531914893617,"cluster3"
"GO:0008192","RNA guanylyltransferase activity",5,2,0.47,"0.0741",4.25531914893617,"cluster3"
"GO:0017070","U6 snRNA binding",5,2,0.47,"0.0741",4.25531914893617,"cluster3"
"GO:0019903","protein phosphatase binding",5,2,0.47,"0.0741",4.25531914893617,"cluster3"
"GO:0003714","transcription corepressor activity",5,2,0.47,"0.0741",4.25531914893617,"cluster3"
"GO:0019003","GDP binding",11,3,1.04,"0.0788",2.88461538461538,"cluster3"
"GO:0019209","kinase activator activity",19,6,1.8,"0.0940",3.33333333333333,"cluster3"
"GO:0140824","thioredoxin-dependent peroxiredoxin activity",9,3,0.85,"0.0946",3.52941176470588,"cluster3"
"GO:0030295","protein kinase activator activity",18,5,1.71,"0.0969",2.92397660818713,"cluster3"
"GO:0003950","NAD+ ADP-ribosyltransferase activity",6,2,0.57,"0.1043",3.50877192982456,"cluster3"
"GO:0043539","protein serine/threonine kinase activator activity",6,2,0.57,"0.1043",3.50877192982456,"cluster3"
"GO:0046933","proton-transporting ATP synthase activity, rotational mechanism",6,2,0.57,"0.1043",3.50877192982456,"cluster3"
"GO:0003899","DNA-directed 5'-3' RNA polymerase activity",27,5,2.56,"0.1064",1.953125,"cluster3"
"GO:0046983","protein dimerization activity",31,5,2.94,"0.1185",1.70068027210884,"cluster3"
"GO:0004521","RNA endonuclease activity",14,4,1.33,"0.1362",3.00751879699248,"cluster3"
"GO:0004725","protein tyrosine phosphatase activity",7,2,0.66,"0.1371",3.03030303030303,"cluster3"
"GO:0016891","RNA endonuclease activity, producing 5'-phosphomonoesters",7,2,0.66,"0.1371",3.03030303030303,"cluster3"
"GO:0070566","adenylyltransferase activity",7,2,0.66,"0.1371",3.03030303030303,"cluster3"
"GO:0043023","ribosomal large subunit binding",7,2,0.66,"0.1371",3.03030303030303,"cluster3"
"GO:0004784","superoxide dismutase activity",7,2,0.66,"0.1371",3.03030303030303,"cluster3"
"GO:0046872","metal ion binding",646,64,61.32,"0.1410",1.04370515329419,"cluster3"
"GO:0030234","enzyme regulator activity",199,22,18.89,"0.1702",1.1646373742721,"cluster3"
"GO:0005525","GTP binding",140,17,13.29,"0.1711",1.27915726109857,"cluster3"
"GO:0097602","cullin family protein binding",8,2,0.76,"0.1718",2.63157894736842,"cluster3"
"GO:0008379","thioredoxin peroxidase activity",8,2,0.76,"0.1718",2.63157894736842,"cluster3"
"GO:0008320","protein transmembrane transporter activity",8,2,0.76,"0.1718",2.63157894736842,"cluster3"
"GO:0016799","hydrolase activity, hydrolyzing N-glycosyl compounds",8,2,0.76,"0.1718",2.63157894736842,"cluster3"
"GO:0042578","phosphoric ester hydrolase activity",78,14,7.4,"0.1779",1.89189189189189,"cluster3"
"GO:0070568","guanylyltransferase activity",7,3,0.66,"0.1801",4.54545454545454,"cluster3"
"GO:0034212","peptide N-acetyltransferase activity",13,3,1.23,"0.1804",2.4390243902439,"cluster3"
"GO:0004197","cysteine-type endopeptidase activity",16,3,1.52,"0.1891",1.97368421052632,"cluster3"
"GO:0043565","sequence-specific DNA binding",38,4,3.61,"0.1904",1.10803324099723,"cluster3"
"GO:0050145","nucleoside monophosphate kinase activity",9,2,0.85,"0.2077",2.35294117647059,"cluster3"
"GO:0016289","CoA hydrolase activity",9,2,0.85,"0.2077",2.35294117647059,"cluster3"
"GO:0003924","GTPase activity",111,13,10.54,"0.2366",1.23339658444023,"cluster3"
"GO:0060090","molecular adaptor activity",57,8,5.41,"0.2426",1.47874306839187,"cluster3"
"GO:0019900","kinase binding",36,5,3.42,"0.2581",1.46198830409357,"cluster3"
"GO:0004857","enzyme inhibitor activity",19,3,1.8,"0.2583",1.66666666666667,"cluster3"
"GO:0016896","RNA exonuclease activity, producing 5'-phosphomonoesters",9,2,0.85,"0.2584",2.35294117647059,"cluster3"
"GO:0051087","protein-folding chaperone binding",20,3,1.9,"0.2808",1.57894736842105,"cluster3"
"GO:0004402","histone acetyltransferase activity",11,2,1.04,"0.2810",1.92307692307692,"cluster3"
"GO:0016628","oxidoreductase activity, acting on the CH-CH group of donors, NAD or NADP as acceptor",11,2,1.04,"0.2810",1.92307692307692,"cluster3"
"GO:0016854","racemase and epimerase activity",11,2,1.04,"0.2810",1.92307692307692,"cluster3"
"GO:0000149","SNARE binding",27,4,2.56,"0.2936",1.5625,"cluster3"
"GO:0003755","peptidyl-prolyl cis-trans isomerase activity",21,3,1.99,"0.3212",1.50753768844221,"cluster3"
"GO:0004721","phosphoprotein phosphatase activity",28,7,2.66,"0.3260",2.63157894736842,"cluster3"
"GO:0016298","lipase activity",18,2,1.71,"0.3294",1.16959064327485,"cluster3"
"GO:1902936","phosphatidylinositol bisphosphate binding",20,2,1.9,"0.3295",1.05263157894737,"cluster3"
"GO:0030515","snoRNA binding",18,3,1.71,"0.3531",1.75438596491228,"cluster3"
"GO:0004315","3-oxoacyl-[acyl-carrier-protein] synthase activity",13,2,1.23,"0.3538",1.6260162601626,"cluster3"
"GO:0005516","calmodulin binding",23,3,2.18,"0.3752",1.37614678899083,"cluster3"
"GO:0019901","protein kinase binding",33,4,3.13,"0.3838",1.2779552715655,"cluster3"
"GO:0016788","hydrolase activity, acting on ester bonds",171,25,16.23,"0.3847",1.54035736290819,"cluster3"
"GO:0008081","phosphoric diester hydrolase activity",14,2,1.33,"0.3893",1.50375939849624,"cluster3"
"GO:0000339","RNA cap binding",11,2,1.04,"0.3925",1.92307692307692,"cluster3"
"GO:0004661","protein geranylgeranyltransferase activity",5,1,0.47,"0.3929",2.12765957446809,"cluster3"
"GO:0004190","aspartic-type endopeptidase activity",5,1,0.47,"0.3929",2.12765957446809,"cluster3"
"GO:0034511","U3 snoRNA binding",5,1,0.47,"0.3929",2.12765957446809,"cluster3"
"GO:0045159","myosin II binding",5,1,0.47,"0.3929",2.12765957446809,"cluster3"
"GO:0016886","ligase activity, forming phosphoric ester bonds",5,1,0.47,"0.3929",2.12765957446809,"cluster3"
"GO:0016423","tRNA (guanine) methyltransferase activity",5,1,0.47,"0.3929",2.12765957446809,"cluster3"
"GO:0072542","protein phosphatase activator activity",5,1,0.47,"0.3929",2.12765957446809,"cluster3"
"GO:0061629","RNA polymerase II-specific DNA-binding transcription factor binding",5,1,0.47,"0.3929",2.12765957446809,"cluster3"
"GO:0016653","oxidoreductase activity, acting on NAD(P)H, heme protein as acceptor",5,1,0.47,"0.3929",2.12765957446809,"cluster3"
"GO:0004693","cyclin-dependent protein serine/threonine kinase activity",5,1,0.47,"0.3929",2.12765957446809,"cluster3"
"GO:0016791","phosphatase activity",62,11,5.89,"0.3963",1.86757215619694,"cluster3"
"GO:0044877","protein-containing complex binding",183,18,17.37,"0.4022",1.03626943005181,"cluster3"
"GO:0106310","protein serine kinase activity",74,8,7.02,"0.4049",1.13960113960114,"cluster3"
"GO:0003682","chromatin binding",31,4,2.94,"0.4275",1.36054421768707,"cluster3"
"GO:0042393","histone binding",25,3,2.37,"0.4284",1.26582278481013,"cluster3"
"GO:0008080","N-acetyltransferase activity",19,4,1.8,"0.4488",2.22222222222222,"cluster3"
"GO:0016776","phosphotransferase activity, phosphate group as acceptor",15,3,1.42,"0.4494",2.11267605633803,"cluster3"
"GO:0000175","3'-5'-RNA exonuclease activity",6,1,0.57,"0.4506",1.75438596491228,"cluster3"
"GO:0031386","protein tag activity",6,1,0.57,"0.4506",1.75438596491228,"cluster3"
"GO:0003995","acyl-CoA dehydrogenase activity",6,1,0.57,"0.4506",1.75438596491228,"cluster3"
"GO:0000978","RNA polymerase II cis-regulatory region sequence-specific DNA binding",6,1,0.57,"0.4506",1.75438596491228,"cluster3"
"GO:0031593","polyubiquitin modification-dependent protein binding",6,1,0.57,"0.4506",1.75438596491228,"cluster3"
"GO:0004559","alpha-mannosidase activity",6,1,0.57,"0.4506",1.75438596491228,"cluster3"
"GO:0008409","5'-3' exonuclease activity",6,1,0.57,"0.4506",1.75438596491228,"cluster3"
"GO:0016881","acid-amino acid ligase activity",6,1,0.57,"0.4506",1.75438596491228,"cluster3"
"GO:0015291","secondary active transmembrane transporter activity",6,1,0.57,"0.4506",1.75438596491228,"cluster3"
"GO:0031491","nucleosome binding",6,1,0.57,"0.4506",1.75438596491228,"cluster3"
"GO:0060590","ATPase regulator activity",6,1,0.57,"0.4506",1.75438596491228,"cluster3"
"GO:0000340","RNA 7-methylguanosine cap binding",6,1,0.57,"0.4506",1.75438596491228,"cluster3"
"GO:0010856","adenylate cyclase activator activity",6,1,0.57,"0.4506",1.75438596491228,"cluster3"
"GO:0005096","GTPase activator activity",59,6,5.6,"0.4941",1.07142857142857,"cluster3"
"GO:0004812","aminoacyl-tRNA ligase activity",36,19,6.73,"4.0e-06",2.82317979197623,"cluster4"
"GO:0005524","ATP binding",458,117,85.67,"6.3e-05",1.36570561456753,"cluster4"
"GO:0052866","phosphatidylinositol phosphate phosphatase activity",8,6,1.5,"0.00083",4,"cluster4"
"GO:0140359","ABC-type transporter activity",21,10,3.93,"0.00236",2.54452926208651,"cluster4"
"GO:0005506","iron ion binding",30,13,5.61,"0.00309",2.31729055258467,"cluster4"
"GO:0061608","nuclear import signal receptor activity",7,5,1.31,"0.00339",3.81679389312977,"cluster4"
"GO:0016887","ATP hydrolysis activity",140,39,26.19,"0.00449",1.48911798396334,"cluster4"
"GO:0030695","GTPase regulator activity",119,41,22.26,"0.00470",1.8418688230009,"cluster4"
"GO:0004497","monooxygenase activity",20,9,3.74,"0.00621",2.40641711229947,"cluster4"
"GO:0031267","small GTPase binding",50,17,9.35,"0.00705",1.81818181818182,"cluster4"
"GO:0031369","translation initiation factor binding",8,5,1.5,"0.00766",3.33333333333333,"cluster4"
"GO:0002161","aminoacyl-tRNA editing activity",8,5,1.5,"0.00766",3.33333333333333,"cluster4"
"GO:0016705","oxidoreductase activity, acting on paired donors, with incorporation or reduction of molecular oxygen",33,11,6.17,"0.00770",1.78282009724473,"cluster4"
"GO:0005096","GTPase activator activity",59,19,11.04,"0.00870",1.72101449275362,"cluster4"
"GO:0005085","guanyl-nucleotide exchange factor activity",60,19,11.22,"0.01057",1.69340463458111,"cluster4"
"GO:0140664","ATP-dependent DNA damage sensor activity",6,4,1.12,"0.01322",3.57142857142857,"cluster4"
"GO:0005522","profilin binding",9,5,1.68,"0.01461",2.97619047619048,"cluster4"
"GO:0004721","phosphoprotein phosphatase activity",28,6,5.24,"0.02258",1.14503816793893,"cluster4"
"GO:0052742","phosphatidylinositol kinase activity",7,4,1.31,"0.02631",3.05343511450382,"cluster4"
"GO:0016891","RNA endonuclease activity, producing 5'-phosphomonoesters",7,4,1.31,"0.02631",3.05343511450382,"cluster4"
"GO:0008139","nuclear localization sequence binding",7,4,1.31,"0.02631",3.05343511450382,"cluster4"
"GO:0004222","metalloendopeptidase activity",14,6,2.62,"0.03222",2.29007633587786,"cluster4"
"GO:0016701","oxidoreductase activity, acting on single donors with incorporation of molecular oxygen",13,4,2.43,"0.03495",1.64609053497942,"cluster4"
"GO:0016765","transferase activity, transferring alkyl or aryl (other than methyl) groups",40,11,7.48,"0.03847",1.47058823529412,"cluster4"
"GO:0004029","aldehyde dehydrogenase (NAD+) activity",11,5,2.06,"0.03861",2.42718446601942,"cluster4"
"GO:0016884","carbon-nitrogen ligase activity, with glutamine as amido-N-donor",8,4,1.5,"0.04497",2.66666666666667,"cluster4"
"GO:0000976","transcription cis-regulatory region binding",19,6,3.55,"0.04498",1.69014084507042,"cluster4"
"GO:0030983","mismatched DNA binding",5,3,0.94,"0.04833",3.19148936170213,"cluster4"
"GO:0019843","rRNA binding",35,11,6.55,"0.04871",1.6793893129771,"cluster4"
"GO:0000049","tRNA binding",32,10,5.99,"0.06092",1.669449081803,"cluster4"
"GO:0003924","GTPase activity",111,27,20.76,"0.06942",1.30057803468208,"cluster4"
"GO:0008237","metallopeptidase activity",38,12,7.11,"0.07684",1.68776371308017,"cluster4"
"GO:0004386","helicase activity",50,13,9.35,"0.07737",1.3903743315508,"cluster4"
"GO:0050660","flavin adenine dinucleotide binding",46,12,8.6,"0.08044",1.3953488372093,"cluster4"
"GO:0004176","ATP-dependent peptidase activity",6,3,1.12,"0.08344",2.67857142857143,"cluster4"
"GO:0004843","cysteine-type deubiquitinase activity",18,6,3.37,"0.10272",1.78041543026706,"cluster4"
"GO:0005525","GTP binding",140,32,26.19,"0.12129",1.22184039709813,"cluster4"
"GO:0008757","S-adenosylmethionine-dependent methyltransferase activity",47,13,8.79,"0.12681",1.47895335608646,"cluster4"
"GO:0020037","heme binding",32,9,5.99,"0.12790",1.5025041736227,"cluster4"
"GO:0008171","O-methyltransferase activity",11,4,2.06,"0.13332",1.94174757281553,"cluster4"
"GO:0140657","ATP-dependent activity",220,57,41.15,"0.15468",1.38517618469016,"cluster4"
"GO:0042626","ATPase-coupled transmembrane transporter activity",45,14,8.42,"0.15931",1.66270783847981,"cluster4"
"GO:0003700","DNA-binding transcription factor activity",14,5,2.62,"0.16067",1.90839694656489,"cluster4"
"GO:0016614","oxidoreductase activity, acting on CH-OH group of donors",44,10,8.23,"0.16092",1.21506682867558,"cluster4"
"GO:0003712","transcription coregulator activity",29,6,5.42,"0.16516",1.1070110701107,"cluster4"
"GO:0140101","catalytic activity, acting on a tRNA",67,27,12.53,"0.17071",2.15482841181165,"cluster4"
"GO:0008017","microtubule binding",25,7,4.68,"0.17156",1.4957264957265,"cluster4"
"GO:0016251","RNA polymerase II general transcription initiation factor activity",8,3,1.5,"0.17507",2,"cluster4"
"GO:0003777","microtubule motor activity",8,3,1.5,"0.17507",2,"cluster4"
"GO:0005544","calcium-dependent phospholipid binding",8,3,1.5,"0.17507",2,"cluster4"
"GO:0101005","deubiquitinase activity",19,7,3.55,"0.18630",1.97183098591549,"cluster4"
"GO:0140312","cargo adaptor activity",7,2,1.31,"0.18708",1.52671755725191,"cluster4"
"GO:0036094","small molecule binding",757,177,141.59,"0.21191",1.25008828307084,"cluster4"
"GO:0003785","actin monomer binding",13,4,2.43,"0.21362",1.64609053497942,"cluster4"
"GO:0030544","Hsp70 protein binding",9,3,1.68,"0.22799",1.78571428571429,"cluster4"
"GO:0044183","protein folding chaperone",33,7,6.17,"0.22834",1.13452188006483,"cluster4"
"GO:0016788","hydrolase activity, acting on ester bonds",171,41,31.98,"0.23163",1.28205128205128,"cluster4"
"GO:0019899","enzyme binding",125,29,23.38,"0.23368",1.24037639007699,"cluster4"
"GO:0140993","histone modifying activity",22,6,4.11,"0.23588",1.45985401459854,"cluster4"
"GO:0008649","rRNA methyltransferase activity",10,3,1.87,"0.23631",1.60427807486631,"cluster4"
"GO:0033558","protein lysine deacetylase activity",5,2,0.94,"0.23635",2.12765957446809,"cluster4"
"GO:0008198","ferrous iron binding",5,2,0.94,"0.23635",2.12765957446809,"cluster4"
"GO:0030976","thiamine pyrophosphate binding",5,2,0.94,"0.23635",2.12765957446809,"cluster4"
"GO:0015171","amino acid transmembrane transporter activity",5,2,0.94,"0.23635",2.12765957446809,"cluster4"
"GO:0034511","U3 snoRNA binding",5,2,0.94,"0.23635",2.12765957446809,"cluster4"
"GO:0017024","myosin I binding",5,2,0.94,"0.23635",2.12765957446809,"cluster4"
"GO:0008143","poly(A) binding",5,2,0.94,"0.23635",2.12765957446809,"cluster4"
"GO:0009982","pseudouridine synthase activity",5,2,0.94,"0.23635",2.12765957446809,"cluster4"
"GO:0004033","aldo-keto reductase (NADP) activity",5,2,0.94,"0.23635",2.12765957446809,"cluster4"
"GO:0030276","clathrin binding",11,3,2.06,"0.23642",1.45631067961165,"cluster4"
"GO:0004674","protein serine/threonine kinase activity",92,20,17.21,"0.26197",1.16211504938989,"cluster4"
"GO:0000981","DNA-binding transcription factor activity, RNA polymerase II-specific",10,3,1.87,"0.28332",1.60427807486631,"cluster4"
"GO:0016646","oxidoreductase activity, acting on the CH-NH group of donors, NAD or NADP as acceptor",10,3,1.87,"0.28332",1.60427807486631,"cluster4"
"GO:0106310","protein serine kinase activity",74,16,13.84,"0.30082",1.15606936416185,"cluster4"
"GO:0015631","tubulin binding",31,9,5.8,"0.31118",1.55172413793103,"cluster4"
"GO:0003676","nucleic acid binding",565,109,105.68,"0.31122",1.03141559424678,"cluster4"
"GO:0008276","protein methyltransferase activity",15,5,2.81,"0.31189",1.77935943060498,"cluster4"
"GO:0042054","histone methyltransferase activity",6,2,1.12,"0.31280",1.78571428571429,"cluster4"
"GO:0015085","calcium ion transmembrane transporter activity",6,2,1.12,"0.31280",1.78571428571429,"cluster4"
"GO:0043539","protein serine/threonine kinase activator activity",6,2,1.12,"0.31280",1.78571428571429,"cluster4"
"GO:0051879","Hsp90 protein binding",6,2,1.12,"0.31280",1.78571428571429,"cluster4"
"GO:0003995","acyl-CoA dehydrogenase activity",6,2,1.12,"0.31280",1.78571428571429,"cluster4"
"GO:0031593","polyubiquitin modification-dependent protein binding",6,2,1.12,"0.31280",1.78571428571429,"cluster4"
"GO:0015291","secondary active transmembrane transporter activity",6,2,1.12,"0.31280",1.78571428571429,"cluster4"
"GO:0003743","translation initiation factor activity",45,10,8.42,"0.32686",1.18764845605701,"cluster4"
"GO:0003824","catalytic activity",1806,373,337.8,"0.33208",1.10420367081113,"cluster4"
"GO:0019783","ubiquitin-like protein peptidase activity",21,8,3.93,"0.33755",2.03562340966921,"cluster4"
"GO:0046906","tetrapyrrole binding",34,10,6.36,"0.33775",1.57232704402516,"cluster4"
"GO:0042578","phosphoric ester hydrolase activity",78,17,14.59,"0.33831",1.16518163125428,"cluster4"
"GO:0061659","ubiquitin-like protein ligase activity",21,5,3.93,"0.33894",1.27226463104326,"cluster4"
"GO:0003678","DNA helicase activity",11,3,2.06,"0.33957",1.45631067961165,"cluster4"
"GO:0016628","oxidoreductase activity, acting on the CH-CH group of donors, NAD or NADP as acceptor",11,3,2.06,"0.33957",1.45631067961165,"cluster4"
"GO:0005546","phosphatidylinositol-4,5-bisphosphate binding",16,4,2.99,"0.35004",1.33779264214047,"cluster4"
"GO:0052689","carboxylic ester hydrolase activity",29,10,5.42,"0.35017",1.8450184501845,"cluster4"
"GO:0051539","4 iron, 4 sulfur cluster binding",21,5,3.93,"0.35466",1.27226463104326,"cluster4"
"GO:0004521","RNA endonuclease activity",14,6,2.62,"0.38529",2.29007633587786,"cluster4"
"GO:0030248","cellulose binding",13,6,0.74,"3.9e-05",8.10810810810811,"cluster5"
"GO:0004553","hydrolase activity, hydrolyzing O-glycosyl compounds",51,12,2.9,"0.00012",4.13793103448276,"cluster5"
"GO:0005201","extracellular matrix structural constituent",23,6,1.31,"0.00141",4.58015267175572,"cluster5"
"GO:0030247","polysaccharide binding",30,11,1.71,"0.00178",6.4327485380117,"cluster5"
"GO:0030246","carbohydrate binding",75,19,4.27,"0.00225",4.44964871194379,"cluster5"
"GO:0004860","protein kinase inhibitor activity",8,3,0.46,"0.00822",6.52173913043478,"cluster5"
"GO:0004601","peroxidase activity",17,4,0.97,"0.01348",4.12371134020619,"cluster5"
"GO:0016408","C-acyltransferase activity",6,2,0.34,"0.04152",5.88235294117647,"cluster5"
"GO:0090729","toxin activity",6,2,0.34,"0.04152",5.88235294117647,"cluster5"
"GO:0004559","alpha-mannosidase activity",6,2,0.34,"0.04152",5.88235294117647,"cluster5"
"GO:0000993","RNA polymerase II complex binding",7,2,0.4,"0.05598",5,"cluster5"
"GO:0004866","endopeptidase inhibitor activity",7,2,0.4,"0.05598",5,"cluster5"
"GO:0015662","P-type ion transporter activity",7,2,0.4,"0.05598",5,"cluster5"
"GO:0015645","fatty acid ligase activity",7,2,0.4,"0.05598",5,"cluster5"
"GO:0016706","2-oxoglutarate-dependent dioxygenase activity",9,2,0.51,"0.08908",3.92156862745098,"cluster5"
"GO:0016628","oxidoreductase activity, acting on the CH-CH group of donors, NAD or NADP as acceptor",11,2,0.63,"0.12641",3.17460317460317,"cluster5"
"GO:0016405","CoA-ligase activity",12,2,0.68,"0.14623",2.94117647058824,"cluster5"
"GO:0015036","disulfide oxidoreductase activity",12,2,0.68,"0.16085",2.94117647058824,"cluster5"
"GO:0003746","translation elongation factor activity",13,2,0.74,"0.16664",2.7027027027027,"cluster5"
"GO:0140030","modification-dependent protein binding",13,2,0.74,"0.16664",2.7027027027027,"cluster5"
"GO:0003785","actin monomer binding",13,2,0.74,"0.16664",2.7027027027027,"cluster5"
"GO:0046983","protein dimerization activity",31,3,1.76,"0.16667",1.70454545454545,"cluster5"
"GO:0042393","histone binding",25,3,1.42,"0.16714",2.11267605633803,"cluster5"
"GO:1901702","salt transmembrane transporter activity",20,3,1.14,"0.18655",2.63157894736842,"cluster5"
"GO:0004620","phospholipase activity",14,2,0.8,"0.18750",2.5,"cluster5"
"GO:0070008","serine-type exopeptidase activity",14,2,0.8,"0.18750",2.5,"cluster5"
"GO:0022857","transmembrane transporter activity",122,9,6.94,"0.20721",1.29682997118156,"cluster5"
"GO:0005102","signaling receptor binding",13,2,0.74,"0.20852",2.7027027027027,"cluster5"
"GO:0032934","sterol binding",15,2,0.85,"0.20870",2.35294117647059,"cluster5"
"GO:0003712","transcription coregulator activity",29,3,1.65,"0.22967",1.81818181818182,"cluster5"
"GO:0051537","2 iron, 2 sulfur cluster binding",16,2,0.91,"0.23012",2.1978021978022,"cluster5"
"GO:0016798","hydrolase activity, acting on glycosyl bonds",64,14,3.64,"0.24305",3.84615384615385,"cluster5"
"GO:0004364","glutathione transferase activity",17,2,0.97,"0.25167",2.06185567010309,"cluster5"
"GO:0003727","single-stranded RNA binding",10,2,0.57,"0.25325",3.50877192982456,"cluster5"
"GO:0045159","myosin II binding",5,1,0.28,"0.25405",3.57142857142857,"cluster5"
"GO:0070402","NADPH binding",5,1,0.28,"0.25405",3.57142857142857,"cluster5"
"GO:0070567","cytidylyltransferase activity",5,1,0.28,"0.25405",3.57142857142857,"cluster5"
"GO:0030976","thiamine pyrophosphate binding",5,1,0.28,"0.25405",3.57142857142857,"cluster5"
"GO:0008143","poly(A) binding",5,1,0.28,"0.25405",3.57142857142857,"cluster5"
"GO:0004033","aldo-keto reductase (NADP) activity",5,1,0.28,"0.25405",3.57142857142857,"cluster5"
"GO:0020037","heme binding",32,3,1.82,"0.27316",1.64835164835165,"cluster5"
"GO:0019901","protein kinase binding",33,3,1.88,"0.28898",1.59574468085106,"cluster5"
"GO:0046873","metal ion transmembrane transporter activity",12,2,0.68,"0.29572",2.94117647058824,"cluster5"
"GO:0051879","Hsp90 protein binding",6,1,0.34,"0.29655",2.94117647058824,"cluster5"
"GO:0008252","nucleotidase activity",6,1,0.34,"0.29655",2.94117647058824,"cluster5"
"GO:0008603","cAMP-dependent protein kinase regulator activity",6,1,0.34,"0.29655",2.94117647058824,"cluster5"
"GO:0015085","calcium ion transmembrane transporter activity",6,1,0.34,"0.29655",2.94117647058824,"cluster5"
"GO:0140664","ATP-dependent DNA damage sensor activity",6,1,0.34,"0.29655",2.94117647058824,"cluster5"
"GO:0031005","filamin binding",6,1,0.34,"0.29655",2.94117647058824,"cluster5"
"GO:0000340","RNA 7-methylguanosine cap binding",6,1,0.34,"0.29655",2.94117647058824,"cluster5"
"GO:0045294","alpha-catenin binding",6,1,0.34,"0.29655",2.94117647058824,"cluster5"
"GO:0019829","ATPase-coupled monoatomic cation transmembrane transporter activity",20,2,1.14,"0.31636",1.75438596491228,"cluster5"
"GO:0015318","inorganic molecular entity transmembrane transporter activity",49,4,2.79,"0.33579",1.4336917562724,"cluster5"
"GO:0015215","nucleotide transmembrane transporter activity",7,1,0.4,"0.33665",2.5,"cluster5"
"GO:0070492","oligosaccharide binding",7,1,0.4,"0.33665",2.5,"cluster5"
"GO:0036002","pre-mRNA binding",7,1,0.4,"0.33665",2.5,"cluster5"
"GO:0004784","superoxide dismutase activity",7,1,0.4,"0.33665",2.5,"cluster5"
"GO:0016742","hydroxymethyl-, formyl- and related transferase activity",7,1,0.4,"0.33665",2.5,"cluster5"
"GO:0032036","myosin heavy chain binding",7,1,0.4,"0.33665",2.5,"cluster5"
"GO:0140359","ABC-type transporter activity",21,2,1.19,"0.33770",1.68067226890756,"cluster5"
"GO:0016831","carboxy-lyase activity",21,2,1.19,"0.33770",1.68067226890756,"cluster5"
"GO:0016811","hydrolase activity, acting on carbon-nitrogen (but not peptide) bonds, in linear amides",22,2,1.25,"0.35884",1.6,"cluster5"
"GO:0022853","active monoatomic ion transmembrane transporter activity",28,3,1.59,"0.37317",1.88679245283019,"cluster5"
"GO:0016830","carbon-carbon lyase activity",29,3,1.65,"0.37326",1.81818181818182,"cluster5"
"GO:0016799","hydrolase activity, hydrolyzing N-glycosyl compounds",8,1,0.46,"0.37447",2.17391304347826,"cluster5"
"GO:0016884","carbon-nitrogen ligase activity, with glutamine as amido-N-donor",8,1,0.46,"0.37447",2.17391304347826,"cluster5"
"GO:0008374","O-acyltransferase activity",8,1,0.46,"0.37447",2.17391304347826,"cluster5"
"GO:0016812","hydrolase activity, acting on carbon-nitrogen (but not peptide) bonds, in cyclic amides",8,1,0.46,"0.37447",2.17391304347826,"cluster5"
"GO:0004888","transmembrane signaling receptor activity",8,1,0.46,"0.37447",2.17391304347826,"cluster5"
"GO:0046871","N-acetylgalactosamine binding",8,1,0.46,"0.37447",2.17391304347826,"cluster5"
"GO:0030552","cAMP binding",8,1,0.46,"0.37447",2.17391304347826,"cluster5"
"GO:0016829","lyase activity",78,6,4.44,"0.37763",1.35135135135135,"cluster5"
"GO:0016758","hexosyltransferase activity",24,2,1.37,"0.40033",1.45985401459854,"cluster5"
"GO:0016667","oxidoreductase activity, acting on a sulfur group of donors",21,3,1.19,"0.40804",2.52100840336134,"cluster5"
"GO:0001664","G protein-coupled receptor binding",9,1,0.51,"0.41014",1.96078431372549,"cluster5"
"GO:0008239","dipeptidyl-peptidase activity",9,1,0.51,"0.41014",1.96078431372549,"cluster5"
"GO:0005507","copper ion binding",9,1,0.51,"0.41014",1.96078431372549,"cluster5"
"GO:0048029","monosaccharide binding",9,1,0.51,"0.41014",1.96078431372549,"cluster5"
"GO:0015035","protein-disulfide reductase activity",9,1,0.51,"0.41014",1.96078431372549,"cluster5"
"GO:0019200","carbohydrate kinase activity",9,1,0.51,"0.41014",1.96078431372549,"cluster5"
"GO:0019842","vitamin binding",45,4,2.56,"0.44210",1.5625,"cluster5"
"GO:0031406","carboxylic acid binding",22,2,1.25,"0.44326",1.6,"cluster5"
"GO:0003997","acyl-CoA oxidase activity",10,1,0.57,"0.44379",1.75438596491228,"cluster5"
"GO:0046943","carboxylic acid transmembrane transporter activity",10,1,0.57,"0.44379",1.75438596491228,"cluster5"
"GO:0031683","G-protein beta/gamma-subunit complex binding",11,1,0.63,"0.47553",1.58730158730159,"cluster5"
"GO:0008171","O-methyltransferase activity",11,1,0.63,"0.47553",1.58730158730159,"cluster5"
"GO:0004402","histone acetyltransferase activity",11,1,0.63,"0.47553",1.58730158730159,"cluster5"
"GO:0019003","GDP binding",11,1,0.63,"0.47553",1.58730158730159,"cluster5"
"GO:0003925","G protein activity",11,1,0.63,"0.47553",1.58730158730159,"cluster5"
"GO:0003678","DNA helicase activity",11,1,0.63,"0.47553",1.58730158730159,"cluster5"
"GO:0042802","identical protein binding",46,3,2.62,"0.49141",1.14503816793893,"cluster5"
"GO:0005504","fatty acid binding",12,1,0.68,"0.50547",1.47058823529412,"cluster5"
"GO:0008408","3'-5' exonuclease activity",12,1,0.68,"0.50547",1.47058823529412,"cluster5"
"GO:0010181","FMN binding",12,1,0.68,"0.50547",1.47058823529412,"cluster5"
"GO:0030170","pyridoxal phosphate binding",30,2,1.71,"0.51624",1.16959064327485,"cluster5"
"GO:0016787","hydrolase activity",728,44,41.42,"0.52395",1.06228874939643,"cluster5"
"GO:0017056","structural constituent of nuclear pore",17,7,0.93,"1.6e-05",7.52688172043011,"cluster6"
"GO:0035251","UDP-glucosyltransferase activity",5,3,0.27,"0.0015",11.1111111111111,"cluster6"
"GO:0030145","manganese ion binding",10,3,0.55,"0.0147",5.45454545454545,"cluster6"
"GO:0015171","amino acid transmembrane transporter activity",5,2,0.27,"0.0269",7.40740740740741,"cluster6"
"GO:0031491","nucleosome binding",6,2,0.33,"0.0389",6.06060606060606,"cluster6"
"GO:0097367","carbohydrate derivative binding",628,39,34.5,"0.0518",1.1304347826087,"cluster6"
"GO:0019905","syntaxin binding",7,2,0.38,"0.0525",5.26315789473684,"cluster6"
"GO:0050136","NADH dehydrogenase (quinone) activity",15,2,0.82,"0.0549",2.4390243902439,"cluster6"
"GO:0031072","heat shock protein binding",22,4,1.21,"0.0828",3.30578512396694,"cluster6"
"GO:0016814","hydrolase activity, acting on carbon-nitrogen (but not peptide) bonds, in cyclic amidines",14,3,0.77,"0.0832",3.8961038961039,"cluster6"
"GO:0016289","CoA hydrolase activity",9,2,0.49,"0.0838",4.08163265306122,"cluster6"
"GO:0070006","metalloaminopeptidase activity",9,2,0.49,"0.0838",4.08163265306122,"cluster6"
"GO:0015035","protein-disulfide reductase activity",9,2,0.49,"0.0838",4.08163265306122,"cluster6"
"GO:0016706","2-oxoglutarate-dependent dioxygenase activity",9,2,0.49,"0.0838",4.08163265306122,"cluster6"
"GO:0016773","phosphotransferase activity, alcohol group as acceptor",149,11,8.18,"0.0975",1.34474327628362,"cluster6"
"GO:0016646","oxidoreductase activity, acting on the CH-NH group of donors, NAD or NADP as acceptor",10,2,0.55,"0.1010",3.63636363636364,"cluster6"
"GO:0016811","hydrolase activity, acting on carbon-nitrogen (but not peptide) bonds, in linear amides",22,3,1.21,"0.1168",2.47933884297521,"cluster6"
"GO:0035091","phosphatidylinositol binding",45,3,2.47,"0.1201",1.21457489878543,"cluster6"
"GO:0004812","aminoacyl-tRNA ligase activity",36,4,1.98,"0.1326",2.02020202020202,"cluster6"
"GO:0071949","FAD binding",25,3,1.37,"0.1551",2.18978102189781,"cluster6"
"GO:0072341","modified amino acid binding",8,2,0.44,"0.1554",4.54545454545455,"cluster6"
"GO:0070008","serine-type exopeptidase activity",14,2,0.77,"0.1774",2.5974025974026,"cluster6"
"GO:0003724","RNA helicase activity",27,3,1.48,"0.1826",2.02702702702703,"cluster6"
"GO:0030674","protein-macromolecule adaptor activity",47,4,2.58,"0.1828",1.55038759689922,"cluster6"
"GO:0008514","organic anion transmembrane transporter activity",14,4,0.77,"0.2000",5.19480519480519,"cluster6"
"GO:0016645","oxidoreductase activity, acting on the CH-NH group of donors",14,3,0.77,"0.2010",3.8961038961039,"cluster6"
"GO:0051537","2 iron, 2 sulfur cluster binding",16,2,0.88,"0.2183",2.27272727272727,"cluster6"
"GO:0008194","UDP-glycosyltransferase activity",10,4,0.55,"0.2431",7.27272727272727,"cluster6"
"GO:0046943","carboxylic acid transmembrane transporter activity",10,3,0.55,"0.2443",5.45454545454545,"cluster6"
"GO:0008526","phosphatidylinositol transfer activity",5,1,0.27,"0.2462",3.7037037037037,"cluster6"
"GO:0016653","oxidoreductase activity, acting on NAD(P)H, heme protein as acceptor",5,1,0.27,"0.2462",3.7037037037037,"cluster6"
"GO:0009982","pseudouridine synthase activity",5,1,0.27,"0.2462",3.7037037037037,"cluster6"
"GO:0034511","U3 snoRNA binding",5,1,0.27,"0.2462",3.7037037037037,"cluster6"
"GO:0004017","adenylate kinase activity",5,1,0.27,"0.2462",3.7037037037037,"cluster6"
"GO:0015926","glucosidase activity",5,1,0.27,"0.2462",3.7037037037037,"cluster6"
"GO:0033558","protein lysine deacetylase activity",5,1,0.27,"0.2462",3.7037037037037,"cluster6"
"GO:0004033","aldo-keto reductase (NADP) activity",5,1,0.27,"0.2462",3.7037037037037,"cluster6"
"GO:0070003","threonine-type peptidase activity",5,1,0.27,"0.2462",3.7037037037037,"cluster6"
"GO:0004000","adenosine deaminase activity",5,1,0.27,"0.2462",3.7037037037037,"cluster6"
"GO:0031210","phosphatidylcholine binding",5,1,0.27,"0.2462",3.7037037037037,"cluster6"
"GO:0003796","lysozyme activity",5,1,0.27,"0.2462",3.7037037037037,"cluster6"
"GO:0001786","phosphatidylserine binding",5,1,0.27,"0.2462",3.7037037037037,"cluster6"
"GO:0016423","tRNA (guanine) methyltransferase activity",5,1,0.27,"0.2462",3.7037037037037,"cluster6"
"GO:0000049","tRNA binding",32,3,1.76,"0.2558",1.70454545454545,"cluster6"
"GO:0043130","ubiquitin binding",19,2,1.04,"0.2807",1.92307692307692,"cluster6"
"GO:0051879","Hsp90 protein binding",6,1,0.33,"0.2877",3.03030303030303,"cluster6"
"GO:0008603","cAMP-dependent protein kinase regulator activity",6,1,0.33,"0.2877",3.03030303030303,"cluster6"
"GO:0016624","oxidoreductase activity, acting on the aldehyde or oxo group of donors, disulfide as acceptor",6,1,0.33,"0.2877",3.03030303030303,"cluster6"
"GO:0016881","acid-amino acid ligase activity",6,1,0.33,"0.2877",3.03030303030303,"cluster6"
"GO:0000175","3'-5'-RNA exonuclease activity",6,1,0.33,"0.2877",3.03030303030303,"cluster6"
"GO:0015291","secondary active transmembrane transporter activity",6,1,0.33,"0.2877",3.03030303030303,"cluster6"
"GO:0005524","ATP binding",458,28,25.16,"0.2973",1.11287758346582,"cluster6"
"GO:0016616","oxidoreductase activity, acting on the CH-OH group of donors, NAD or NADP as acceptor",40,4,2.2,"0.2995",1.81818181818182,"cluster6"
"GO:0052689","carboxylic ester hydrolase activity",29,3,1.59,"0.3209",1.88679245283019,"cluster6"
"GO:0015215","nucleotide transmembrane transporter activity",7,1,0.38,"0.3269",2.63157894736842,"cluster6"
"GO:0000993","RNA polymerase II complex binding",7,1,0.38,"0.3269",2.63157894736842,"cluster6"
"GO:0015923","mannosidase activity",7,1,0.38,"0.3269",2.63157894736842,"cluster6"
"GO:0070492","oligosaccharide binding",7,1,0.38,"0.3269",2.63157894736842,"cluster6"
"GO:0016530","metallochaperone activity",7,1,0.38,"0.3269",2.63157894736842,"cluster6"
"GO:0019206","nucleoside kinase activity",7,1,0.38,"0.3269",2.63157894736842,"cluster6"
"GO:0016790","thiolester hydrolase activity",17,3,0.93,"0.3616",3.2258064516129,"cluster6"
"GO:0005525","GTP binding",140,9,7.69,"0.3619",1.1703511053316,"cluster6"
"GO:0005516","calmodulin binding",23,2,1.26,"0.3630",1.58730158730159,"cluster6"
"GO:0002161","aminoacyl-tRNA editing activity",8,1,0.44,"0.3639",2.27272727272727,"cluster6"
"GO:0008374","O-acyltransferase activity",8,1,0.44,"0.3639",2.27272727272727,"cluster6"
"GO:0008379","thioredoxin peroxidase activity",8,1,0.44,"0.3639",2.27272727272727,"cluster6"
"GO:0008320","protein transmembrane transporter activity",8,1,0.44,"0.3639",2.27272727272727,"cluster6"
"GO:0004888","transmembrane signaling receptor activity",8,1,0.44,"0.3639",2.27272727272727,"cluster6"
"GO:0004180","carboxypeptidase activity",8,1,0.44,"0.3639",2.27272727272727,"cluster6"
"GO:0033218","amide binding",30,2,1.65,"0.3642",1.21212121212121,"cluster6"
"GO:0016765","transferase activity, transferring alkyl or aryl (other than methyl) groups",40,3,2.2,"0.3782",1.36363636363636,"cluster6"
"GO:0140662","ATP-dependent protein folding chaperone",24,2,1.32,"0.3831",1.51515151515152,"cluster6"
"GO:0005509","calcium ion binding",74,5,4.06,"0.3841",1.23152709359606,"cluster6"
"GO:0016667","oxidoreductase activity, acting on a sulfur group of donors",21,3,1.15,"0.3968",2.60869565217391,"cluster6"
"GO:0003682","chromatin binding",31,4,1.7,"0.3987",2.35294117647059,"cluster6"
"GO:0046912","acyltransferase activity, acyl groups converted into alkyl on transfer",9,1,0.49,"0.3989",2.04081632653061,"cluster6"
"GO:0008239","dipeptidyl-peptidase activity",9,1,0.49,"0.3989",2.04081632653061,"cluster6"
"GO:0030544","Hsp70 protein binding",9,1,0.49,"0.3989",2.04081632653061,"cluster6"
"GO:0005096","GTPase activator activity",59,4,3.24,"0.4084",1.23456790123457,"cluster6"
"GO:0008270","zinc ion binding",166,10,9.12,"0.4288",1.09649122807018,"cluster6"
"GO:0060090","molecular adaptor activity",57,5,3.13,"0.4296",1.59744408945687,"cluster6"
"GO:0016866","intramolecular transferase activity",15,2,0.82,"0.4308",2.4390243902439,"cluster6"
"GO:0031406","carboxylic acid binding",22,2,1.21,"0.4315",1.65289256198347,"cluster6"
"GO:0003997","acyl-CoA oxidase activity",10,1,0.55,"0.4320",1.81818181818182,"cluster6"
"GO:0031625","ubiquitin protein ligase binding",10,1,0.55,"0.4320",1.81818181818182,"cluster6"
"GO:0140299","small molecule sensor activity",10,1,0.55,"0.4320",1.81818181818182,"cluster6"
"GO:0003729","mRNA binding",79,5,4.34,"0.4396",1.15207373271889,"cluster6"
"GO:0051087","protein-folding chaperone binding",20,2,1.1,"0.4624",1.81818181818182,"cluster6"
"GO:0031683","G-protein beta/gamma-subunit complex binding",11,1,0.6,"0.4633",1.66666666666667,"cluster6"
"GO:0017069","snRNA binding",11,1,0.6,"0.4633",1.66666666666667,"cluster6"
"GO:0005200","structural constituent of cytoskeleton",11,1,0.6,"0.4633",1.66666666666667,"cluster6"
"GO:0016702","oxidoreductase activity, acting on single donors with incorporation of molecular oxygen, incorporation of two atoms of oxygen",11,1,0.6,"0.4633",1.66666666666667,"cluster6"
"GO:0016301","kinase activity",174,11,9.56,"0.4923",1.15062761506276,"cluster6"
"GO:0016405","CoA-ligase activity",12,1,0.66,"0.4929",1.51515151515152,"cluster6"
"GO:0005504","fatty acid binding",12,1,0.66,"0.4929",1.51515151515152,"cluster6"
"GO:0000146","microfilament motor activity",12,1,0.66,"0.4929",1.51515151515152,"cluster6"
"GO:0004672","protein kinase activity",104,6,5.71,"0.4930",1.0507880910683,"cluster6"
"GO:0005201","extracellular matrix structural constituent",23,16,1.58,"2.5e-14",10.126582278481,"cluster7"
"GO:0030246","carbohydrate binding",75,24,5.15,"1.1e-06",4.66019417475728,"cluster7"
"GO:0030248","cellulose binding",13,6,0.89,"0.00011",6.74157303370786,"cluster7"
"GO:0004315","3-oxoacyl-[acyl-carrier-protein] synthase activity",13,5,0.89,"0.00120",5.61797752808989,"cluster7"
"GO:0032934","sterol binding",15,5,1.03,"0.00250",4.85436893203883,"cluster7"
"GO:0030247","polysaccharide binding",30,11,2.06,"0.00419",5.33980582524272,"cluster7"
"GO:0051287","NAD binding",20,5,1.37,"0.00971",3.64963503649635,"cluster7"
"GO:0004553","hydrolase activity, hydrolyzing O-glycosyl compounds",51,9,3.51,"0.01162",2.56410256410256,"cluster7"
"GO:0016835","carbon-oxygen lyase activity",26,4,1.79,"0.01343",2.23463687150838,"cluster7"
"GO:0046871","N-acetylgalactosamine binding",8,3,0.55,"0.01386",5.45454545454545,"cluster7"
"GO:0004197","cysteine-type endopeptidase activity",16,4,1.1,"0.02053",3.63636363636364,"cluster7"
"GO:0016861","intramolecular oxidoreductase activity, interconverting aldoses and ketoses",5,2,0.34,"0.04096",5.88235294117647,"cluster7"
"GO:0004190","aspartic-type endopeptidase activity",5,2,0.34,"0.04096",5.88235294117647,"cluster7"
"GO:0001786","phosphatidylserine binding",5,2,0.34,"0.04096",5.88235294117647,"cluster7"
"GO:0016616","oxidoreductase activity, acting on the CH-OH group of donors, NAD or NADP as acceptor",40,6,2.75,"0.05305",2.18181818181818,"cluster7"
"GO:0016776","phosphotransferase activity, phosphate group as acceptor",15,4,1.03,"0.05809",3.88349514563107,"cluster7"
"GO:0036402","proteasome-activating activity",6,2,0.41,"0.05870",4.8780487804878,"cluster7"
"GO:0004222","metalloendopeptidase activity",14,3,0.96,"0.06641",3.125,"cluster7"
"GO:0045182","translation regulator activity",63,5,4.33,"0.06881",1.15473441108545,"cluster7"
"GO:0070492","oligosaccharide binding",7,2,0.48,"0.07853",4.16666666666667,"cluster7"
"GO:0019206","nucleoside kinase activity",7,2,0.48,"0.07853",4.16666666666667,"cluster7"
"GO:0016799","hydrolase activity, hydrolyzing N-glycosyl compounds",8,2,0.55,"0.10008",3.63636363636364,"cluster7"
"GO:0004888","transmembrane signaling receptor activity",8,2,0.55,"0.10008",3.63636363636364,"cluster7"
"GO:0004180","carboxypeptidase activity",8,2,0.55,"0.10008",3.63636363636364,"cluster7"
"GO:0003756","protein disulfide isomerase activity",8,2,0.55,"0.10008",3.63636363636364,"cluster7"
"GO:0046982","protein heterodimerization activity",18,3,1.24,"0.12194",2.41935483870968,"cluster7"
"GO:0019200","carbohydrate kinase activity",9,2,0.62,"0.12303",3.2258064516129,"cluster7"
"GO:0060089","molecular transducer activity",14,3,0.96,"0.13214",3.125,"cluster7"
"GO:0005261","monoatomic cation channel activity",10,2,0.69,"0.14709",2.89855072463768,"cluster7"
"GO:0000287","magnesium ion binding",43,5,2.96,"0.16985",1.68918918918919,"cluster7"
"GO:0016491","oxidoreductase activity",322,27,22.13,"0.18658",1.22006326253954,"cluster7"
"GO:0072341","modified amino acid binding",8,3,0.55,"0.19118",5.45454545454545,"cluster7"
"GO:0016810","hydrolase activity, acting on carbon-nitrogen (but not peptide) bonds",50,5,3.44,"0.19183",1.45348837209302,"cluster7"
"GO:1990837","sequence-specific double-stranded DNA binding",22,2,1.51,"0.19263",1.32450331125828,"cluster7"
"GO:0004659","prenyltransferase activity",12,2,0.82,"0.19751",2.4390243902439,"cluster7"
"GO:0031072","heat shock protein binding",22,3,1.51,"0.22291",1.98675496688742,"cluster7"
"GO:0003713","transcription coactivator activity",13,2,0.89,"0.22344",2.24719101123596,"cluster7"
"GO:0042393","histone binding",25,3,1.72,"0.24444",1.74418604651163,"cluster7"
"GO:0016614","oxidoreductase activity, acting on CH-OH group of donors",44,7,3.02,"0.24496",2.31788079470199,"cluster7"
"GO:0050145","nucleoside monophosphate kinase activity",9,2,0.62,"0.24736",3.2258064516129,"cluster7"
"GO:0016645","oxidoreductase activity, acting on the CH-NH group of donors",14,2,0.96,"0.24767",2.08333333333333,"cluster7"
"GO:0004620","phospholipase activity",14,2,0.96,"0.24961",2.08333333333333,"cluster7"
"GO:0004252","serine-type endopeptidase activity",14,2,0.96,"0.24961",2.08333333333333,"cluster7"
"GO:0019842","vitamin binding",45,4,3.09,"0.27597",1.29449838187702,"cluster7"
"GO:0016798","hydrolase activity, acting on glycosyl bonds",64,12,4.4,"0.29219",2.72727272727273,"cluster7"
"GO:0008526","phosphatidylinositol transfer activity",5,1,0.34,"0.29970",2.94117647058824,"cluster7"
"GO:0070567","cytidylyltransferase activity",5,1,0.34,"0.29970",2.94117647058824,"cluster7"
"GO:0004687","myosin light chain kinase activity",5,1,0.34,"0.29970",2.94117647058824,"cluster7"
"GO:0004017","adenylate kinase activity",5,1,0.34,"0.29970",2.94117647058824,"cluster7"
"GO:0008474","palmitoyl-(protein) hydrolase activity",5,1,0.34,"0.29970",2.94117647058824,"cluster7"
"GO:0015926","glucosidase activity",5,1,0.34,"0.29970",2.94117647058824,"cluster7"
"GO:0004000","adenosine deaminase activity",5,1,0.34,"0.29970",2.94117647058824,"cluster7"
"GO:0016435","rRNA (guanine) methyltransferase activity",5,1,0.34,"0.29970",2.94117647058824,"cluster7"
"GO:0008483","transaminase activity",16,2,1.1,"0.30208",1.81818181818182,"cluster7"
"GO:0003697","single-stranded DNA binding",16,2,1.1,"0.30208",1.81818181818182,"cluster7"
"GO:0043022","ribosome binding",29,3,1.99,"0.32122",1.50753768844221,"cluster7"
"GO:0017056","structural constituent of nuclear pore",17,2,1.17,"0.32812",1.70940170940171,"cluster7"
"GO:0004364","glutathione transferase activity",17,2,1.17,"0.32812",1.70940170940171,"cluster7"
"GO:0005506","iron ion binding",30,3,2.06,"0.34058",1.45631067961165,"cluster7"
"GO:0046873","metal ion transmembrane transporter activity",12,2,0.82,"0.34721",2.4390243902439,"cluster7"
"GO:0060590","ATPase regulator activity",6,1,0.41,"0.34790",2.4390243902439,"cluster7"
"GO:0008252","nucleotidase activity",6,1,0.41,"0.34790",2.4390243902439,"cluster7"
"GO:0003995","acyl-CoA dehydrogenase activity",6,1,0.41,"0.34790",2.4390243902439,"cluster7"
"GO:0031624","ubiquitin conjugating enzyme binding",6,1,0.41,"0.34790",2.4390243902439,"cluster7"
"GO:0016624","oxidoreductase activity, acting on the aldehyde or oxo group of donors, disulfide as acceptor",6,1,0.41,"0.34790",2.4390243902439,"cluster7"
"GO:0004683","calmodulin-dependent protein kinase activity",6,1,0.41,"0.34790",2.4390243902439,"cluster7"
"GO:0070628","proteasome binding",6,1,0.41,"0.34790",2.4390243902439,"cluster7"
"GO:0015085","calcium ion transmembrane transporter activity",6,1,0.41,"0.34790",2.4390243902439,"cluster7"
"GO:0031005","filamin binding",6,1,0.41,"0.34790",2.4390243902439,"cluster7"
"GO:0000340","RNA 7-methylguanosine cap binding",6,1,0.41,"0.34790",2.4390243902439,"cluster7"
"GO:0000978","RNA polymerase II cis-regulatory region sequence-specific DNA binding",6,1,0.41,"0.34790",2.4390243902439,"cluster7"
"GO:0045294","alpha-catenin binding",6,1,0.41,"0.34790",2.4390243902439,"cluster7"
"GO:0035615","clathrin adaptor activity",6,1,0.41,"0.34790",2.4390243902439,"cluster7"
"GO:0003743","translation initiation factor activity",45,4,3.09,"0.37428",1.29449838187702,"cluster7"
"GO:0061630","ubiquitin protein ligase activity",19,2,1.31,"0.37930",1.52671755725191,"cluster7"
"GO:0008233","peptidase activity",123,15,8.45,"0.38475",1.77514792899408,"cluster7"
"GO:0019205","nucleobase-containing compound kinase activity",23,5,1.58,"0.38904",3.16455696202532,"cluster7"
"GO:0016891","RNA endonuclease activity, producing 5'-phosphomonoesters",7,1,0.48,"0.39280",2.08333333333333,"cluster7"
"GO:0070566","adenylyltransferase activity",7,1,0.48,"0.39280",2.08333333333333,"cluster7"
"GO:0004866","endopeptidase inhibitor activity",7,1,0.48,"0.39280",2.08333333333333,"cluster7"
"GO:0016530","metallochaperone activity",7,1,0.48,"0.39280",2.08333333333333,"cluster7"
"GO:0016705","oxidoreductase activity, acting on paired donors, with incorporation or reduction of molecular oxygen",33,3,2.27,"0.39825",1.3215859030837,"cluster7"
"GO:0004497","monooxygenase activity",20,2,1.37,"0.40430",1.45985401459854,"cluster7"
"GO:0140359","ABC-type transporter activity",21,2,1.44,"0.42880",1.38888888888889,"cluster7"
"GO:0051539","4 iron, 4 sulfur cluster binding",21,2,1.44,"0.42880",1.38888888888889,"cluster7"
"GO:0004601","peroxidase activity",17,2,1.17,"0.43409",1.70940170940171,"cluster7"
"GO:0005544","calcium-dependent phospholipid binding",8,1,0.55,"0.43462",1.81818181818182,"cluster7"
"GO:0016251","RNA polymerase II general transcription initiation factor activity",8,1,0.55,"0.43462",1.81818181818182,"cluster7"
"GO:0008379","thioredoxin peroxidase activity",8,1,0.55,"0.43462",1.81818181818182,"cluster7"
"GO:0016812","hydrolase activity, acting on carbon-nitrogen (but not peptide) bonds, in cyclic amides",8,1,0.55,"0.43462",1.81818181818182,"cluster7"
"GO:0030552","cAMP binding",8,1,0.55,"0.43462",1.81818181818182,"cluster7"
"GO:0030527","structural constituent of chromatin",8,1,0.55,"0.43462",1.81818181818182,"cluster7"
"GO:0008270","zinc ion binding",166,12,11.41,"0.47221",1.05170902716915,"cluster7"
"GO:0016209","antioxidant activity",26,3,1.79,"0.47237",1.67597765363128,"cluster7"
"GO:0016814","hydrolase activity, acting on carbon-nitrogen (but not peptide) bonds, in cyclic amidines",14,2,0.96,"0.47262",2.08333333333333,"cluster7"
"GO:0005507","copper ion binding",9,1,0.62,"0.47356",1.61290322580645,"cluster7"
"GO:0016840","carbon-nitrogen lyase activity",9,1,0.62,"0.47356",1.61290322580645,"cluster7"
"GO:0005509","calcium ion binding",74,12,4.98,"0.0034",2.40963855421687,"cluster8"
"GO:0003779","actin binding",116,16,7.81,"0.0082",2.04865556978233,"cluster8"
"GO:0048038","quinone binding",7,3,0.47,"0.0086",6.38297872340426,"cluster8"
"GO:0008137","NADH dehydrogenase (ubiquinone) activity",14,4,0.94,"0.0117",4.25531914893617,"cluster8"
"GO:0003924","GTPase activity",111,14,7.47,"0.0153",1.87416331994645,"cluster8"
"GO:0016758","hexosyltransferase activity",24,5,1.62,"0.0196",3.08641975308642,"cluster8"
"GO:0019901","protein kinase binding",33,6,2.22,"0.0208",2.7027027027027,"cluster8"
"GO:0005525","GTP binding",140,16,9.43,"0.0242",1.69671261930011,"cluster8"
"GO:0000987","cis-regulatory region sequence-specific DNA binding",10,3,0.67,"0.0246",4.47761194029851,"cluster8"
"GO:0008194","UDP-glycosyltransferase activity",10,3,0.67,"0.0254",4.47761194029851,"cluster8"
"GO:0008168","methyltransferase activity",68,7,4.58,"0.0349",1.52838427947598,"cluster8"
"GO:0019903","protein phosphatase binding",5,2,0.34,"0.0394",5.88235294117647,"cluster8"
"GO:0005504","fatty acid binding",12,3,0.81,"0.0421",3.7037037037037,"cluster8"
"GO:0008409","5'-3' exonuclease activity",6,2,0.4,"0.0565",5,"cluster8"
"GO:0004725","protein tyrosine phosphatase activity",7,2,0.47,"0.0757",4.25531914893617,"cluster8"
"GO:0052742","phosphatidylinositol kinase activity",7,2,0.47,"0.0757",4.25531914893617,"cluster8"
"GO:0003682","chromatin binding",31,5,2.09,"0.0825",2.39234449760766,"cluster8"
"GO:0008017","microtubule binding",25,4,1.68,"0.0831",2.38095238095238,"cluster8"
"GO:0051015","actin filament binding",80,9,5.39,"0.0865",1.66975881261596,"cluster8"
"GO:0003697","single-stranded DNA binding",16,3,1.08,"0.0880",2.77777777777778,"cluster8"
"GO:0000976","transcription cis-regulatory region binding",19,5,1.28,"0.0950",3.90625,"cluster8"
"GO:0016773","phosphotransferase activity, alcohol group as acceptor",149,17,10.03,"0.1018",1.69491525423729,"cluster8"
"GO:0019200","carbohydrate kinase activity",9,2,0.61,"0.1188",3.27868852459016,"cluster8"
"GO:0061630","ubiquitin protein ligase activity",19,3,1.28,"0.1317",2.34375,"cluster8"
"GO:0003997","acyl-CoA oxidase activity",10,2,0.67,"0.1422",2.98507462686567,"cluster8"
"GO:0000981","DNA-binding transcription factor activity, RNA polymerase II-specific",10,2,0.67,"0.1422",2.98507462686567,"cluster8"
"GO:1901702","salt transmembrane transporter activity",20,3,1.35,"0.1476",2.22222222222222,"cluster8"
"GO:0008289","lipid binding",116,12,7.81,"0.1603",1.53649167733675,"cluster8"
"GO:0004842","ubiquitin-protein transferase activity",40,6,2.69,"0.1617",2.23048327137546,"cluster8"
"GO:0003712","transcription coregulator activity",29,5,1.95,"0.1644",2.56410256410256,"cluster8"
"GO:0003678","DNA helicase activity",11,2,0.74,"0.1664",2.7027027027027,"cluster8"
"GO:0004672","protein kinase activity",104,10,7,"0.1889",1.42857142857143,"cluster8"
"GO:0004386","helicase activity",50,5,3.37,"0.2158",1.48367952522255,"cluster8"
"GO:0003713","transcription coactivator activity",13,2,0.88,"0.2165",2.27272727272727,"cluster8"
"GO:0071949","FAD binding",25,3,1.68,"0.2349",1.78571428571429,"cluster8"
"GO:0140101","catalytic activity, acting on a tRNA",67,5,4.51,"0.2365",1.10864745011086,"cluster8"
"GO:0016772","transferase activity, transferring phosphorus-containing groups",243,21,16.36,"0.2396",1.28361858190709,"cluster8"
"GO:0003954","NADH dehydrogenase activity",19,5,1.28,"0.2406",3.90625,"cluster8"
"GO:1902936","phosphatidylinositol bisphosphate binding",20,3,1.35,"0.2425",2.22222222222222,"cluster8"
"GO:0016796","exonuclease activity, active with either ribo- or deoxyribonucleic acids and producing 5'-phosphomonoesters",13,2,0.88,"0.2430",2.27272727272727,"cluster8"
"GO:0031267","small GTPase binding",50,5,3.37,"0.2444",1.48367952522255,"cluster8"
"GO:0043565","sequence-specific DNA binding",38,7,2.56,"0.2874",2.734375,"cluster8"
"GO:0005546","phosphatidylinositol-4,5-bisphosphate binding",16,2,1.08,"0.2935",1.85185185185185,"cluster8"
"GO:0008198","ferrous iron binding",5,1,0.34,"0.2944",2.94117647058824,"cluster8"
"GO:0004693","cyclin-dependent protein serine/threonine kinase activity",5,1,0.34,"0.2944",2.94117647058824,"cluster8"
"GO:0003714","transcription corepressor activity",5,1,0.34,"0.2944",2.94117647058824,"cluster8"
"GO:0004661","protein geranylgeranyltransferase activity",5,1,0.34,"0.2944",2.94117647058824,"cluster8"
"GO:0070402","NADPH binding",5,1,0.34,"0.2944",2.94117647058824,"cluster8"
"GO:0030983","mismatched DNA binding",5,1,0.34,"0.2944",2.94117647058824,"cluster8"
"GO:0016886","ligase activity, forming phosphoric ester bonds",5,1,0.34,"0.2944",2.94117647058824,"cluster8"
"GO:0004687","myosin light chain kinase activity",5,1,0.34,"0.2944",2.94117647058824,"cluster8"
"GO:0015926","glucosidase activity",5,1,0.34,"0.2944",2.94117647058824,"cluster8"
"GO:0048306","calcium-dependent protein binding",5,1,0.34,"0.2944",2.94117647058824,"cluster8"
"GO:0017070","U6 snRNA binding",5,1,0.34,"0.2944",2.94117647058824,"cluster8"
"GO:0003684","damaged DNA binding",5,1,0.34,"0.2944",2.94117647058824,"cluster8"
"GO:0003689","DNA clamp loader activity",5,1,0.34,"0.2944",2.94117647058824,"cluster8"
"GO:0016423","tRNA (guanine) methyltransferase activity",5,1,0.34,"0.2944",2.94117647058824,"cluster8"
"GO:0008192","RNA guanylyltransferase activity",5,1,0.34,"0.2944",2.94117647058824,"cluster8"
"GO:0004722","protein serine/threonine phosphatase activity",17,2,1.14,"0.3190",1.75438596491228,"cluster8"
"GO:0017069","snRNA binding",11,2,0.74,"0.3412",2.7027027027027,"cluster8"
"GO:0008408","3'-5' exonuclease activity",12,2,0.81,"0.3412",2.46913580246914,"cluster8"
"GO:0008080","N-acetyltransferase activity",19,2,1.28,"0.3418",1.5625,"cluster8"
"GO:0031624","ubiquitin conjugating enzyme binding",6,1,0.4,"0.3420",2.5,"cluster8"
"GO:0004683","calmodulin-dependent protein kinase activity",6,1,0.4,"0.3420",2.5,"cluster8"
"GO:0000175","3'-5'-RNA exonuclease activity",6,1,0.4,"0.3420",2.5,"cluster8"
"GO:0031491","nucleosome binding",6,1,0.4,"0.3420",2.5,"cluster8"
"GO:0031005","filamin binding",6,1,0.4,"0.3420",2.5,"cluster8"
"GO:0010856","adenylate cyclase activator activity",6,1,0.4,"0.3420",2.5,"cluster8"
"GO:0000340","RNA 7-methylguanosine cap binding",6,1,0.4,"0.3420",2.5,"cluster8"
"GO:0000978","RNA polymerase II cis-regulatory region sequence-specific DNA binding",6,1,0.4,"0.3420",2.5,"cluster8"
"GO:0004536","DNA nuclease activity",6,1,0.4,"0.3420",2.5,"cluster8"
"GO:0031386","protein tag activity",6,1,0.4,"0.3420",2.5,"cluster8"
"GO:0004176","ATP-dependent peptidase activity",6,1,0.4,"0.3420",2.5,"cluster8"
"GO:0003887","DNA-directed DNA polymerase activity",6,1,0.4,"0.3420",2.5,"cluster8"
"GO:0005085","guanyl-nucleotide exchange factor activity",60,5,4.04,"0.3790",1.23762376237624,"cluster8"
"GO:0106310","protein serine kinase activity",74,6,4.98,"0.3805",1.20481927710843,"cluster8"
"GO:0015215","nucleotide transmembrane transporter activity",7,1,0.47,"0.3863",2.12765957446809,"cluster8"
"GO:0016863","intramolecular oxidoreductase activity, transposing C=C bonds",7,1,0.47,"0.3863",2.12765957446809,"cluster8"
"GO:0019905","syntaxin binding",7,1,0.47,"0.3863",2.12765957446809,"cluster8"
"GO:0061608","nuclear import signal receptor activity",7,1,0.47,"0.3863",2.12765957446809,"cluster8"
"GO:0015662","P-type ion transporter activity",7,1,0.47,"0.3863",2.12765957446809,"cluster8"
"GO:0036002","pre-mRNA binding",7,1,0.47,"0.3863",2.12765957446809,"cluster8"
"GO:0016742","hydroxymethyl-, formyl- and related transferase activity",7,1,0.47,"0.3863",2.12765957446809,"cluster8"
"GO:0019843","rRNA binding",35,3,2.36,"0.4225",1.27118644067797,"cluster8"
"GO:0140097","catalytic activity, acting on DNA",50,6,3.37,"0.4247",1.78041543026706,"cluster8"
"GO:0140096","catalytic activity, acting on a protein",408,31,27.47,"0.4271",1.12850382235166,"cluster8"
"GO:0019829","ATPase-coupled monoatomic cation transmembrane transporter activity",20,2,1.35,"0.4275",1.48148148148148,"cluster8"
"GO:0003730","mRNA 3'-UTR binding",8,1,0.54,"0.4277",1.85185185185185,"cluster8"
"GO:0004888","transmembrane signaling receptor activity",8,1,0.54,"0.4277",1.85185185185185,"cluster8"
"GO:0031369","translation initiation factor binding",8,1,0.54,"0.4277",1.85185185185185,"cluster8"
"GO:0097602","cullin family protein binding",8,1,0.54,"0.4277",1.85185185185185,"cluster8"
"GO:0008270","zinc ion binding",166,12,11.18,"0.4427",1.07334525939177,"cluster8"
"GO:0005516","calmodulin binding",23,2,1.55,"0.4651",1.29032258064516,"cluster8"
"GO:0005522","profilin binding",9,1,0.61,"0.4663",1.63934426229508,"cluster8"
"GO:0016289","CoA hydrolase activity",9,1,0.61,"0.4663",1.63934426229508,"cluster8"
"GO:0048029","monosaccharide binding",9,1,0.61,"0.4663",1.63934426229508,"cluster8"
"GO:0016706","2-oxoglutarate-dependent dioxygenase activity",9,1,0.61,"0.4663",1.63934426229508,"cluster8"
"GO:0031406","carboxylic acid binding",22,4,1.48,"0.4990",2.7027027027027,"cluster8"
"GO:0016836","hydro-lyase activity",23,14,5.51,"0.00017",2.54083484573503,"cluster9"
"GO:0140662","ATP-dependent protein folding chaperone",24,13,5.75,"0.00133",2.26086956521739,"cluster9"
"GO:0043130","ubiquitin binding",19,11,4.55,"0.00154",2.41758241758242,"cluster9"
"GO:0016638","oxidoreductase activity, acting on the CH-NH2 group of donors",6,5,1.44,"0.00377",3.47222222222222,"cluster9"
"GO:0016018","cyclosporin A binding",6,5,1.44,"0.00377",3.47222222222222,"cluster9"
"GO:0051082","unfolded protein binding",41,18,9.83,"0.00378",1.83112919633774,"cluster9"
"GO:0003755","peptidyl-prolyl cis-trans isomerase activity",21,11,5.03,"0.00444",2.18687872763419,"cluster9"
"GO:0016407","acetyltransferase activity",26,8,6.23,"0.01068",1.28410914927769,"cluster9"
"GO:0046961","proton-transporting ATPase activity, rotational mechanism",12,7,2.88,"0.01111",2.43055555555556,"cluster9"
"GO:0005515","protein binding",676,192,162.05,"0.01114",1.18481950015427,"cluster9"
"GO:0004177","aminopeptidase activity",14,9,3.36,"0.01312",2.67857142857143,"cluster9"
"GO:0016841","ammonia-lyase activity",5,4,1.2,"0.01328",3.33333333333333,"cluster9"
"GO:0003727","single-stranded RNA binding",10,5,2.4,"0.01330",2.08333333333333,"cluster9"
"GO:0030170","pyridoxal phosphate binding",30,13,7.19,"0.01493",1.80806675938804,"cluster9"
"GO:0051539","4 iron, 4 sulfur cluster binding",21,10,5.03,"0.01513",1.98807157057654,"cluster9"
"GO:0051537","2 iron, 2 sulfur cluster binding",16,8,3.84,"0.02097",2.08333333333333,"cluster9"
"GO:0030552","cAMP binding",8,5,1.92,"0.02271",2.60416666666667,"cluster9"
"GO:0016787","hydrolase activity",728,178,174.51,"0.03086",1.01999885393387,"cluster9"
"GO:0005484","SNAP receptor activity",20,9,4.79,"0.03138",1.87891440501044,"cluster9"
"GO:0000149","SNARE binding",27,10,6.47,"0.03153",1.54559505409583,"cluster9"
"GO:0045294","alpha-catenin binding",6,4,1.44,"0.03231",2.77777777777778,"cluster9"
"GO:0016408","C-acyltransferase activity",6,4,1.44,"0.03231",2.77777777777778,"cluster9"
"GO:0003729","mRNA binding",79,26,18.94,"0.03784",1.3727560718057,"cluster9"
"GO:0070006","metalloaminopeptidase activity",9,5,2.16,"0.04115",2.31481481481481,"cluster9"
"GO:0016831","carboxy-lyase activity",21,9,5.03,"0.04357",1.78926441351889,"cluster9"
"GO:0052689","carboxylic ester hydrolase activity",29,10,6.95,"0.04385",1.43884892086331,"cluster9"
"GO:0008135","translation factor activity, RNA binding",62,21,14.86,"0.04449",1.41318977119785,"cluster9"
"GO:0042277","peptide binding",22,10,5.27,"0.05698",1.89753320683112,"cluster9"
"GO:0034061","DNA polymerase activity",8,5,1.92,"0.05720",2.60416666666667,"cluster9"
"GO:0061135","endopeptidase regulator activity",9,3,2.16,"0.05751",1.38888888888889,"cluster9"
"GO:0043022","ribosome binding",29,10,6.95,"0.05882",1.43884892086331,"cluster9"
"GO:0043169","cation binding",659,161,157.97,"0.06102",1.01918085712477,"cluster9"
"GO:0003993","acid phosphatase activity",7,4,1.68,"0.06127",2.38095238095238,"cluster9"
"GO:0016742","hydroxymethyl-, formyl- and related transferase activity",7,4,1.68,"0.06127",2.38095238095238,"cluster9"
"GO:0000166","nucleotide binding",703,170,168.52,"0.06281",1.00878234037503,"cluster9"
"GO:0016779","nucleotidyltransferase activity",65,25,15.58,"0.06459",1.60462130937099,"cluster9"
"GO:0051015","actin filament binding",80,25,19.18,"0.08198",1.30344108446298,"cluster9"
"GO:1901363","heterocyclic compound binding",1225,316,293.65,"0.08887",1.07611101651626,"cluster9"
"GO:0003899","DNA-directed 5'-3' RNA polymerase activity",27,10,6.47,"0.08926",1.54559505409583,"cluster9"
"GO:0097159","organic cyclic compound binding",1240,317,297.25,"0.09016",1.06644238856182,"cluster9"
"GO:0016620","oxidoreductase activity, acting on the aldehyde or oxo group of donors, NAD or NADP as acceptor",16,8,3.84,"0.09216",2.08333333333333,"cluster9"
"GO:0016421","CoA carboxylase activity",5,3,1.2,"0.09282",2.5,"cluster9"
"GO:0016279","protein-lysine N-methyltransferase activity",5,3,1.2,"0.09282",2.5,"cluster9"
"GO:0008137","NADH dehydrogenase (ubiquinone) activity",14,6,3.36,"0.09400",1.78571428571429,"cluster9"
"GO:0004029","aldehyde dehydrogenase (NAD+) activity",11,5,2.64,"0.09846",1.89393939393939,"cluster9"
"GO:0005200","structural constituent of cytoskeleton",11,5,2.64,"0.09846",1.89393939393939,"cluster9"
"GO:0043021","ribonucleoprotein complex binding",37,14,8.87,"0.09872",1.57835400225479,"cluster9"
"GO:0003743","translation initiation factor activity",45,15,10.79,"0.09878",1.39017608897127,"cluster9"
"GO:0003756","protein disulfide isomerase activity",8,4,1.92,"0.09983",2.08333333333333,"cluster9"
"GO:0016868","intramolecular transferase activity, phosphotransferases",8,4,1.92,"0.09983",2.08333333333333,"cluster9"
"GO:0003677","DNA binding",152,43,36.44,"0.10086",1.18002195389682,"cluster9"
"GO:0016616","oxidoreductase activity, acting on the CH-OH group of donors, NAD or NADP as acceptor",40,13,9.59,"0.11058",1.3555787278415,"cluster9"
"GO:0000049","tRNA binding",32,11,7.67,"0.12154",1.43415906127771,"cluster9"
"GO:0016811","hydrolase activity, acting on carbon-nitrogen (but not peptide) bonds, in linear amides",22,8,5.27,"0.13362",1.5180265654649,"cluster9"
"GO:0016853","isomerase activity",78,31,18.7,"0.14152",1.65775401069519,"cluster9"
"GO:0140096","catalytic activity, acting on a protein",408,106,97.81,"0.14306",1.08373376955322,"cluster9"
"GO:0015036","disulfide oxidoreductase activity",12,5,2.88,"0.14450",1.73611111111111,"cluster9"
"GO:0016790","thiolester hydrolase activity",17,6,4.08,"0.14456",1.47058823529412,"cluster9"
"GO:0004519","endonuclease activity",19,6,4.55,"0.14471",1.31868131868132,"cluster9"
"GO:0046912","acyltransferase activity, acyl groups converted into alkyl on transfer",9,4,2.16,"0.14678",1.85185185185185,"cluster9"
"GO:0031072","heat shock protein binding",22,6,5.27,"0.14733",1.13851992409867,"cluster9"
"GO:0015078","proton transmembrane transporter activity",29,14,6.95,"0.15099",2.01438848920863,"cluster9"
"GO:0016746","acyltransferase activity",139,38,33.32,"0.15195",1.14045618247299,"cluster9"
"GO:0090729","toxin activity",6,3,1.44,"0.15334",2.08333333333333,"cluster9"
"GO:0008312","7S RNA binding",6,3,1.44,"0.15334",2.08333333333333,"cluster9"
"GO:0000175","3'-5'-RNA exonuclease activity",6,3,1.44,"0.15334",2.08333333333333,"cluster9"
"GO:0031593","polyubiquitin modification-dependent protein binding",6,3,1.44,"0.15334",2.08333333333333,"cluster9"
"GO:0031386","protein tag activity",6,3,1.44,"0.15334",2.08333333333333,"cluster9"
"GO:0060590","ATPase regulator activity",6,3,1.44,"0.15334",2.08333333333333,"cluster9"
"GO:0035615","clathrin adaptor activity",6,3,1.44,"0.15334",2.08333333333333,"cluster9"
"GO:0003887","DNA-directed DNA polymerase activity",6,3,1.44,"0.15334",2.08333333333333,"cluster9"
"GO:0008603","cAMP-dependent protein kinase regulator activity",6,3,1.44,"0.15334",2.08333333333333,"cluster9"
"GO:0008483","transaminase activity",16,6,3.84,"0.16296",1.5625,"cluster9"
"GO:0046872","metal ion binding",646,156,154.86,"0.17998",1.00736148779543,"cluster9"
"GO:0031406","carboxylic acid binding",22,8,5.27,"0.19964",1.5180265654649,"cluster9"
"GO:0031625","ubiquitin protein ligase binding",10,4,2.4,"0.20035",1.66666666666667,"cluster9"
"GO:0008641","ubiquitin-like modifier activating enzyme activity",10,4,2.4,"0.20035",1.66666666666667,"cluster9"
"GO:0016879","ligase activity, forming carbon-nitrogen bonds",24,7,5.75,"0.20058",1.21739130434783,"cluster9"
"GO:0015318","inorganic molecular entity transmembrane transporter activity",49,20,11.75,"0.21841",1.70212765957447,"cluster9"
"GO:0016846","carbon-sulfur lyase activity",7,3,1.68,"0.22239",1.78571428571429,"cluster9"
"GO:0019239","deaminase activity",14,5,3.36,"0.22858",1.48809523809524,"cluster9"
"GO:0071949","FAD binding",25,8,5.99,"0.23322",1.3355592654424,"cluster9"
"GO:0022890","inorganic cation transmembrane transporter activity",42,17,10.07,"0.23796",1.68818272095333,"cluster9"
"GO:0003955","NAD(P)H dehydrogenase (quinone) activity",16,7,3.84,"0.23904",1.82291666666667,"cluster9"
"GO:0008092","cytoskeletal protein binding",162,41,38.83,"0.23930",1.05588462528972,"cluster9"
"GO:0019213","deacetylase activity",6,3,1.44,"0.23949",2.08333333333333,"cluster9"
"GO:0010853","cyclase activator activity",7,2,1.68,"0.23984",1.19047619047619,"cluster9"
"GO:0008236","serine-type peptidase activity",28,8,6.71,"0.24431",1.19225037257824,"cluster9"
"GO:0038023","signaling receptor activity",12,4,2.88,"0.24439",1.38888888888889,"cluster9"
"GO:0003700","DNA-binding transcription factor activity",14,4,3.36,"0.24461",1.19047619047619,"cluster9"
"GO:0015267","channel activity",15,4,3.6,"0.24473",1.11111111111111,"cluster9"
"GO:0004843","cysteine-type deubiquitinase activity",18,6,4.31,"0.24747",1.39211136890951,"cluster9"
"GO:0140142","nucleocytoplasmic carrier activity",11,4,2.64,"0.25858",1.51515151515152,"cluster9"
