"GO.ID","Term","Annotated","Significant","Expected","Fis","Enrichment","cluster"
"GO:0016042","lipid catabolic process",61,9,6.24,"0.0017",1.44230769230769,"cluster1"
"GO:0006694","steroid biosynthetic process",26,7,2.66,"0.0039",2.63157894736842,"cluster1"
"GO:0050920","regulation of chemotaxis",24,6,2.46,"0.0070",2.4390243902439,"cluster1"
"GO:0071396","cellular response to lipid",5,3,0.51,"0.0091",5.88235294117647,"cluster1"
"GO:0007064","mitotic sister chromatid cohesion",5,3,0.51,"0.0091",5.88235294117647,"cluster1"
"GO:0034220","monoatomic ion transmembrane transport",64,7,6.55,"0.0105",1.06870229007634,"cluster1"
"GO:0042254","ribosome biogenesis",160,31,16.37,"0.0121",1.89370800244349,"cluster1"
"GO:0000462","maturation of SSU-rRNA from tricistronic rRNA transcript (SSU-rRNA, 5.8S rRNA, LSU-rRNA)",22,7,2.25,"0.0235",3.11111111111111,"cluster1"
"GO:0006914","autophagy",39,8,3.99,"0.0268",2.00501253132832,"cluster1"
"GO:0000423","mitophagy",7,3,0.72,"0.0272",4.16666666666667,"cluster1"
"GO:0048015","phosphatidylinositol-mediated signaling",7,3,0.72,"0.0272",4.16666666666667,"cluster1"
"GO:0006364","rRNA processing",111,22,11.36,"0.0272",1.93661971830986,"cluster1"
"GO:0032259","methylation",59,13,6.04,"0.0334",2.1523178807947,"cluster1"
"GO:0090407","organophosphate biosynthetic process",138,18,14.12,"0.0360",1.27478753541076,"cluster1"
"GO:0046579","positive regulation of Ras protein signal transduction",8,3,0.82,"0.0402",3.65853658536585,"cluster1"
"GO:0043248","proteasome assembly",8,3,0.82,"0.0402",3.65853658536585,"cluster1"
"GO:0006796","phosphate-containing compound metabolic process",230,24,23.53,"0.0448",1.01997450063748,"cluster1"
"GO:0030036","actin cytoskeleton organization",194,25,19.85,"0.0453",1.25944584382872,"cluster1"
"GO:0051896","regulation of phosphatidylinositol 3-kinase/protein kinase B signal transduction",13,3,1.33,"0.0544",2.25563909774436,"cluster1"
"GO:0006665","sphingolipid metabolic process",18,3,1.84,"0.0546",1.6304347826087,"cluster1"
"GO:0045892","negative regulation of DNA-templated transcription",17,4,1.74,"0.0558",2.29885057471264,"cluster1"
"GO:0031269","pseudopodium assembly",15,4,1.53,"0.0592",2.61437908496732,"cluster1"
"GO:0042273","ribosomal large subunit biogenesis",41,6,4.19,"0.0731",1.43198090692124,"cluster1"
"GO:0015914","phospholipid transport",10,3,1.02,"0.0739",2.94117647058824,"cluster1"
"GO:0051056","regulation of small GTPase mediated signal transduction",37,8,3.79,"0.0835",2.11081794195251,"cluster1"
"GO:0000447","endonucleolytic cleavage in ITS1 to separate SSU-rRNA from 5.8S rRNA and LSU-rRNA from tricistronic rRNA transcript (SSU-rRNA, 5.8S rRNA, LSU-rRNA)",5,2,0.51,"0.0847",3.92156862745098,"cluster1"
"GO:0098734","macromolecule depalmitoylation",5,2,0.51,"0.0847",3.92156862745098,"cluster1"
"GO:0032482","Rab protein signal transduction",5,2,0.51,"0.0847",3.92156862745098,"cluster1"
"GO:0034198","cellular response to amino acid starvation",5,2,0.51,"0.0847",3.92156862745098,"cluster1"
"GO:0034551","mitochondrial respiratory chain complex III assembly",5,2,0.51,"0.0847",3.92156862745098,"cluster1"
"GO:1990456","mitochondrion-endoplasmic reticulum membrane tethering",5,2,0.51,"0.0847",3.92156862745098,"cluster1"
"GO:0038202","TORC1 signaling",5,2,0.51,"0.0847",3.92156862745098,"cluster1"
"GO:0009240","isopentenyl diphosphate biosynthetic process",5,2,0.51,"0.0847",3.92156862745098,"cluster1"
"GO:0051784","negative regulation of nuclear division",5,2,0.51,"0.0847",3.92156862745098,"cluster1"
"GO:0032784","regulation of DNA-templated transcription elongation",5,2,0.51,"0.0847",3.92156862745098,"cluster1"
"GO:1902532","negative regulation of intracellular signal transduction",15,3,1.53,"0.0847",1.96078431372549,"cluster1"
"GO:0031167","rRNA methylation",11,3,1.13,"0.0942",2.65486725663717,"cluster1"
"GO:0030010","establishment of cell polarity",11,3,1.13,"0.0942",2.65486725663717,"cluster1"
"GO:0043414","macromolecule methylation",21,5,2.15,"0.1017",2.32558139534884,"cluster1"
"GO:0032272","negative regulation of protein polymerization",22,5,2.25,"0.1018",2.22222222222222,"cluster1"
"GO:0045338","farnesyl diphosphate metabolic process",8,3,0.82,"0.1019",3.65853658536585,"cluster1"
"GO:0031328","positive regulation of cellular biosynthetic process",77,10,7.88,"0.1019",1.26903553299492,"cluster1"
"GO:0008064","regulation of actin polymerization or depolymerization",51,7,5.22,"0.1020",1.34099616858238,"cluster1"
"GO:0032006","regulation of TOR signaling",15,3,1.53,"0.1021",1.96078431372549,"cluster1"
"GO:0042743","hydrogen peroxide metabolic process",7,2,0.72,"0.1022",2.77777777777778,"cluster1"
"GO:0002376","immune system process",9,2,0.92,"0.1022",2.17391304347826,"cluster1"
"GO:0031331","positive regulation of cellular catabolic process",11,2,1.13,"0.1023",1.76991150442478,"cluster1"
"GO:0050918","positive chemotaxis",12,2,1.23,"0.1023",1.6260162601626,"cluster1"
"GO:0022604","regulation of cell morphogenesis",17,2,1.74,"0.1025",1.14942528735632,"cluster1"
"GO:0030490","maturation of SSU-rRNA",34,10,3.48,"0.1128",2.8735632183908,"cluster1"
"GO:0044804","nucleophagy",6,2,0.61,"0.1187",3.27868852459016,"cluster1"
"GO:0072344","rescue of stalled ribosome",6,2,0.61,"0.1187",3.27868852459016,"cluster1"
"GO:0031109","microtubule polymerization or depolymerization",6,2,0.61,"0.1187",3.27868852459016,"cluster1"
"GO:0042454","ribonucleoside catabolic process",6,2,0.61,"0.1187",3.27868852459016,"cluster1"
"GO:0006298","mismatch repair",6,2,0.61,"0.1187",3.27868852459016,"cluster1"
"GO:0048837","sorocarp sorus development",29,3,2.97,"0.1195",1.01010101010101,"cluster1"
"GO:0051301","cell division",120,13,12.28,"0.1369",1.0586319218241,"cluster1"
"GO:0016126","sterol biosynthetic process",22,4,2.25,"0.1404",1.77777777777778,"cluster1"
"GO:0036503","ERAD pathway",20,4,2.05,"0.1407",1.95121951219512,"cluster1"
"GO:0030041","actin filament polymerization",76,11,7.77,"0.1500",1.41570141570142,"cluster1"
"GO:0044272","sulfur compound biosynthetic process",16,4,1.64,"0.1545",2.4390243902439,"cluster1"
"GO:0006272","leading strand elongation",7,2,0.72,"0.1553",2.77777777777778,"cluster1"
"GO:0006625","protein targeting to peroxisome",7,2,0.72,"0.1553",2.77777777777778,"cluster1"
"GO:1905303","positive regulation of macropinocytosis",7,2,0.72,"0.1553",2.77777777777778,"cluster1"
"GO:0045337","farnesyl diphosphate biosynthetic process",7,2,0.72,"0.1553",2.77777777777778,"cluster1"
"GO:0043649","dicarboxylic acid catabolic process",7,2,0.72,"0.1553",2.77777777777778,"cluster1"
"GO:0006448","regulation of translational elongation",7,2,0.72,"0.1553",2.77777777777778,"cluster1"
"GO:0015919","peroxisomal membrane transport",7,2,0.72,"0.1553",2.77777777777778,"cluster1"
"GO:0046474","glycerophospholipid biosynthetic process",31,4,3.17,"0.1667",1.26182965299685,"cluster1"
"GO:0006355","regulation of DNA-templated transcription",136,16,13.91,"0.1863",1.15025161754134,"cluster1"
"GO:0071806","protein transmembrane transport",19,4,1.94,"0.1935",2.06185567010309,"cluster1"
"GO:0071692","protein localization to extracellular region",19,4,1.94,"0.1935",2.06185567010309,"cluster1"
"GO:0046940","nucleoside monophosphate phosphorylation",8,2,0.82,"0.1936",2.4390243902439,"cluster1"
"GO:0001676","long-chain fatty acid metabolic process",8,2,0.82,"0.1936",2.4390243902439,"cluster1"
"GO:0043244","regulation of protein-containing complex disassembly",16,3,1.64,"0.1939",1.82926829268293,"cluster1"
"GO:0006865","amino acid transport",7,2,0.72,"0.1939",2.77777777777778,"cluster1"
"GO:0032879","regulation of localization",69,8,7.06,"0.1941",1.13314447592068,"cluster1"
"GO:0006260","DNA replication",34,4,3.48,"0.1942",1.14942528735632,"cluster1"
"GO:0009308","amine metabolic process",14,2,1.43,"0.1943",1.3986013986014,"cluster1"
"GO:0030100","regulation of endocytosis",44,5,4.5,"0.1943",1.11111111111111,"cluster1"
"GO:0031036","myosin II filament assembly",18,2,1.84,"0.1945",1.08695652173913,"cluster1"
"GO:0006629","lipid metabolic process",215,32,21.99,"0.2087",1.45520691223283,"cluster1"
"GO:0006368","transcription elongation by RNA polymerase II",16,3,1.64,"0.2203",1.82926829268293,"cluster1"
"GO:0002181","cytoplasmic translation",50,6,5.11,"0.2268",1.17416829745597,"cluster1"
"GO:0043327","chemotaxis to cAMP",85,11,8.7,"0.2330",1.26436781609195,"cluster1"
"GO:0046129","purine ribonucleoside biosynthetic process",9,2,0.92,"0.2330",2.17391304347826,"cluster1"
"GO:0071616","acyl-CoA biosynthetic process",9,2,0.92,"0.2330",2.17391304347826,"cluster1"
"GO:0051016","barbed-end actin filament capping",9,2,0.92,"0.2330",2.17391304347826,"cluster1"
"GO:0042542","response to hydrogen peroxide",9,2,0.92,"0.2330",2.17391304347826,"cluster1"
"GO:0071407","cellular response to organic cyclic compound",9,2,0.92,"0.2330",2.17391304347826,"cluster1"
"GO:0046700","heterocycle catabolic process",73,8,7.47,"0.2336",1.07095046854083,"cluster1"
"GO:0065002","intracellular protein transmembrane transport",17,3,1.74,"0.2487",1.72413793103448,"cluster1"
"GO:0030001","metal ion transport",22,4,2.25,"0.2719",1.77777777777778,"cluster1"
"GO:0050829","defense response to Gram-negative bacterium",10,2,1.02,"0.2728",1.96078431372549,"cluster1"
"GO:0006412","translation",262,58,33.21,"7.6e-09",1.74646190906353,"cluster2"
"GO:0043161","proteasome-mediated ubiquitin-dependent protein catabolic process",56,18,7.1,"0.00011",2.53521126760563,"cluster2"
"GO:0046580","negative regulation of Ras protein signal transduction",9,5,1.14,"0.00260",4.3859649122807,"cluster2"
"GO:0071310","cellular response to organic substance",34,9,4.31,"0.00306",2.08816705336427,"cluster2"
"GO:0032880","regulation of protein localization",15,7,1.9,"0.00721",3.68421052631579,"cluster2"
"GO:1902652","secondary alcohol metabolic process",18,5,2.28,"0.00732",2.19298245614035,"cluster2"
"GO:0002181","cytoplasmic translation",50,9,6.34,"0.00746",1.41955835962145,"cluster2"
"GO:0042273","ribosomal large subunit biogenesis",41,11,5.2,"0.01027",2.11538461538462,"cluster2"
"GO:0006099","tricarboxylic acid cycle",27,8,3.42,"0.01549",2.33918128654971,"cluster2"
"GO:0120031","plasma membrane bounded cell projection assembly",40,9,5.07,"0.01587",1.77514792899408,"cluster2"
"GO:0062197","cellular response to chemical stress",37,7,4.69,"0.01599",1.49253731343284,"cluster2"
"GO:0009636","response to toxic substance",32,5,4.06,"0.01610",1.23152709359606,"cluster2"
"GO:0001678","intracellular glucose homeostasis",5,3,0.63,"0.01661",4.76190476190476,"cluster2"
"GO:0072350","tricarboxylic acid metabolic process",5,3,0.63,"0.01661",4.76190476190476,"cluster2"
"GO:0050000","chromosome localization",5,3,0.63,"0.01661",4.76190476190476,"cluster2"
"GO:0006103","2-oxoglutarate metabolic process",5,3,0.63,"0.01661",4.76190476190476,"cluster2"
"GO:0033043","regulation of organelle organization",113,23,14.32,"0.01811",1.60614525139665,"cluster2"
"GO:0016567","protein ubiquitination",51,10,6.47,"0.01860",1.54559505409583,"cluster2"
"GO:1903013","response to differentiation-inducing factor 1",25,7,3.17,"0.03126",2.20820189274448,"cluster2"
"GO:0006468","protein phosphorylation",15,5,1.9,"0.03248",2.63157894736842,"cluster2"
"GO:0006614","SRP-dependent cotranslational protein targeting to membrane",11,4,1.39,"0.04052",2.87769784172662,"cluster2"
"GO:0006810","transport",633,83,80.24,"0.04377",1.03439680957129,"cluster2"
"GO:0051248","negative regulation of protein metabolic process",25,6,3.17,"0.04382",1.89274447949527,"cluster2"
"GO:0006739","NADP metabolic process",11,3,1.39,"0.04407",2.15827338129496,"cluster2"
"GO:0009651","response to salt stress",12,3,1.52,"0.04409",1.97368421052632,"cluster2"
"GO:0006448","regulation of translational elongation",7,3,0.89,"0.04785",3.37078651685393,"cluster2"
"GO:0006559","L-phenylalanine catabolic process",7,3,0.89,"0.04785",3.37078651685393,"cluster2"
"GO:0019934","cGMP-mediated signaling",7,3,0.89,"0.04785",3.37078651685393,"cluster2"
"GO:0006906","vesicle fusion",29,7,3.68,"0.06518",1.90217391304348,"cluster2"
"GO:0008333","endosome to lysosome transport",8,3,1.01,"0.06953",2.97029702970297,"cluster2"
"GO:0000054","ribosomal subunit export from nucleus",8,3,1.01,"0.06953",2.97029702970297,"cluster2"
"GO:0006909","phagocytosis",106,18,13.44,"0.07704",1.33928571428571,"cluster2"
"GO:0043254","regulation of protein-containing complex assembly",63,11,7.99,"0.08026",1.37672090112641,"cluster2"
"GO:0051156","glucose 6-phosphate metabolic process",11,3,1.39,"0.08075",2.15827338129496,"cluster2"
"GO:0010468","regulation of gene expression",275,35,34.86,"0.08918",1.00401606425703,"cluster2"
"GO:1903665","negative regulation of asexual reproduction",14,4,1.77,"0.09059",2.25988700564972,"cluster2"
"GO:0007040","lysosome organization",14,4,1.77,"0.09459",2.25988700564972,"cluster2"
"GO:0051016","barbed-end actin filament capping",9,3,1.14,"0.09478",2.63157894736842,"cluster2"
"GO:0006446","regulation of translational initiation",9,3,1.14,"0.09478",2.63157894736842,"cluster2"
"GO:0007188","adenylate cyclase-modulating G protein-coupled receptor signaling pathway",41,7,5.2,"0.09481",1.34615384615385,"cluster2"
"GO:0015031","protein transport",263,41,33.34,"0.10684",1.22975404919016,"cluster2"
"GO:0042274","ribosomal small subunit biogenesis",59,12,7.48,"0.10991",1.60427807486631,"cluster2"
"GO:0033298","contractile vacuole organization",15,4,1.9,"0.11172",2.10526315789474,"cluster2"
"GO:0006935","chemotaxis",126,20,15.97,"0.11587",1.25234815278647,"cluster2"
"GO:0006413","translational initiation",53,8,6.72,"0.11801",1.19047619047619,"cluster2"
"GO:0032446","protein modification by small protein conjugation",66,15,8.37,"0.11987",1.7921146953405,"cluster2"
"GO:1903664","regulation of asexual reproduction",19,6,2.41,"0.12247",2.4896265560166,"cluster2"
"GO:0042255","ribosome assembly",24,6,3.04,"0.12278",1.97368421052632,"cluster2"
"GO:1901607","alpha-amino acid biosynthetic process",26,6,3.3,"0.12291",1.81818181818182,"cluster2"
"GO:0022900","electron transport chain",37,7,4.69,"0.12310",1.49253731343284,"cluster2"
"GO:0002098","tRNA wobble uridine modification",10,3,1.27,"0.12315",2.36220472440945,"cluster2"
"GO:0061118","regulation of positive chemotaxis to cAMP",10,3,1.27,"0.12340",2.36220472440945,"cluster2"
"GO:0006971","hypotonic response",45,10,5.7,"0.12344",1.75438596491228,"cluster2"
"GO:0006289","nucleotide-excision repair",5,2,0.63,"0.12358",3.17460317460317,"cluster2"
"GO:0009749","response to glucose",5,2,0.63,"0.12358",3.17460317460317,"cluster2"
"GO:0010811","positive regulation of cell-substrate adhesion",5,2,0.63,"0.12358",3.17460317460317,"cluster2"
"GO:0032467","positive regulation of cytokinesis",5,2,0.63,"0.12358",3.17460317460317,"cluster2"
"GO:0032482","Rab protein signal transduction",5,2,0.63,"0.12358",3.17460317460317,"cluster2"
"GO:0031037","myosin II filament disassembly",5,2,0.63,"0.12358",3.17460317460317,"cluster2"
"GO:0099139","cheating during chimeric sorocarp development",5,2,0.63,"0.12358",3.17460317460317,"cluster2"
"GO:0051131","chaperone-mediated protein complex assembly",5,2,0.63,"0.12358",3.17460317460317,"cluster2"
"GO:0034198","cellular response to amino acid starvation",5,2,0.63,"0.12358",3.17460317460317,"cluster2"
"GO:0071476","cellular hypotonic response",5,2,0.63,"0.12358",3.17460317460317,"cluster2"
"GO:1904776","regulation of protein localization to cell cortex",5,2,0.63,"0.12358",3.17460317460317,"cluster2"
"GO:0018344","protein geranylgeranylation",5,2,0.63,"0.12358",3.17460317460317,"cluster2"
"GO:0016055","Wnt signaling pathway",5,2,0.63,"0.12358",3.17460317460317,"cluster2"
"GO:0006591","ornithine metabolic process",5,2,0.63,"0.12358",3.17460317460317,"cluster2"
"GO:0000723","telomere maintenance",5,2,0.63,"0.12358",3.17460317460317,"cluster2"
"GO:0006572","tyrosine catabolic process",5,2,0.63,"0.12358",3.17460317460317,"cluster2"
"GO:0000082","G1/S transition of mitotic cell cycle",5,2,0.63,"0.12358",3.17460317460317,"cluster2"
"GO:0120036","plasma membrane bounded cell projection organization",47,11,5.96,"0.12552",1.84563758389262,"cluster2"
"GO:1901879","regulation of protein depolymerization",14,5,1.77,"0.12607",2.82485875706215,"cluster2"
"GO:0051170","import into nucleus",32,7,4.06,"0.12615",1.72413793103448,"cluster2"
"GO:1904375","regulation of protein localization to cell periphery",6,3,0.76,"0.12637",3.94736842105263,"cluster2"
"GO:0051247","positive regulation of protein metabolic process",14,4,1.77,"0.12637",2.25988700564972,"cluster2"
"GO:0046487","glyoxylate metabolic process",8,3,1.01,"0.12644",2.97029702970297,"cluster2"
"GO:0050927","positive regulation of positive chemotaxis",6,2,0.76,"0.12666",2.63157894736842,"cluster2"
"GO:0009124","nucleoside monophosphate biosynthetic process",27,4,3.42,"0.12686",1.16959064327485,"cluster2"
"GO:0006972","hyperosmotic response",34,7,4.31,"0.13018",1.62412993039443,"cluster2"
"GO:0034315","regulation of Arp2/3 complex-mediated actin nucleation",11,3,1.39,"0.15414",2.15827338129496,"cluster2"
"GO:0051085","chaperone cofactor-dependent protein refolding",11,3,1.39,"0.15414",2.15827338129496,"cluster2"
"GO:0032060","bleb assembly",11,3,1.39,"0.15414",2.15827338129496,"cluster2"
"GO:0009066","aspartate family amino acid metabolic process",11,3,1.39,"0.15414",2.15827338129496,"cluster2"
"GO:0046689","response to mercury ion",17,4,2.16,"0.15962",1.85185185185185,"cluster2"
"GO:0046907","intracellular transport",286,42,36.26,"0.16710",1.15830115830116,"cluster2"
"GO:0072659","protein localization to plasma membrane",12,3,1.52,"0.17015",1.97368421052632,"cluster2"
"GO:0071417","cellular response to organonitrogen compound",12,3,1.52,"0.17015",1.97368421052632,"cluster2"
"GO:0061912","selective autophagy",13,3,1.65,"0.17023",1.81818181818182,"cluster2"
"GO:0045116","protein neddylation",6,2,0.76,"0.17030",2.63157894736842,"cluster2"
"GO:0072698","protein localization to microtubule cytoskeleton",6,2,0.76,"0.17030",2.63157894736842,"cluster2"
"GO:0044804","nucleophagy",6,2,0.76,"0.17030",2.63157894736842,"cluster2"
"GO:0051014","actin filament severing",6,2,0.76,"0.17030",2.63157894736842,"cluster2"
"GO:0032456","endocytic recycling",6,2,0.76,"0.17030",2.63157894736842,"cluster2"
"GO:0018205","peptidyl-lysine modification",6,2,0.76,"0.17030",2.63157894736842,"cluster2"
"GO:0045727","positive regulation of translation",6,2,0.76,"0.17030",2.63157894736842,"cluster2"
"GO:0050830","defense response to Gram-positive bacterium",6,2,0.76,"0.17030",2.63157894736842,"cluster2"
"GO:0051223","regulation of protein transport",6,2,0.76,"0.17030",2.63157894736842,"cluster2"
"GO:0000096","sulfur amino acid metabolic process",6,2,0.76,"0.17030",2.63157894736842,"cluster2"
"GO:0015918","sterol transport",6,2,0.76,"0.17030",2.63157894736842,"cluster2"
"GO:0032956","regulation of actin cytoskeleton organization",91,18,11.54,"0.18062",1.55979202772964,"cluster2"
"GO:0043162","ubiquitin-dependent protein catabolic process via the multivesicular body sorting pathway",5,3,0.47,"0.0073",6.38297872340426,"cluster3"
"GO:0010225","response to UV-C",5,3,0.47,"0.0073",6.38297872340426,"cluster3"
"GO:0034475","U4 snRNA 3'-end processing",6,3,0.57,"0.0136",5.26315789473684,"cluster3"
"GO:0071028","nuclear mRNA surveillance",6,3,0.57,"0.0136",5.26315789473684,"cluster3"
"GO:0007165","signal transduction",311,40,29.52,"0.0161",1.3550135501355,"cluster3"
"GO:0009117","nucleotide metabolic process",122,15,11.58,"0.0220",1.29533678756477,"cluster3"
"GO:0032511","late endosome to vacuole transport via multivesicular body sorting pathway",7,3,0.66,"0.0222",4.54545454545454,"cluster3"
"GO:0030833","regulation of actin filament polymerization",48,7,4.56,"0.0371",1.53508771929825,"cluster3"
"GO:0035556","intracellular signal transduction",176,24,16.71,"0.0404",1.43626570915619,"cluster3"
"GO:0016075","rRNA catabolic process",9,3,0.85,"0.0462",3.52941176470588,"cluster3"
"GO:0043632","modification-dependent macromolecule catabolic process",99,13,9.4,"0.0468",1.38297872340426,"cluster3"
"GO:0061025","membrane fusion",34,6,3.23,"0.0471",1.85758513931889,"cluster3"
"GO:0007264","small GTPase mediated signal transduction",88,9,8.35,"0.0579",1.07784431137725,"cluster3"
"GO:0072666","establishment of protein localization to vacuole",12,4,1.14,"0.0735",3.50877192982456,"cluster3"
"GO:0006488","dolichol-linked oligosaccharide biosynthetic process",5,2,0.47,"0.0741",4.25531914893617,"cluster3"
"GO:0009298","GDP-mannose biosynthetic process",5,2,0.47,"0.0741",4.25531914893617,"cluster3"
"GO:0009253","peptidoglycan catabolic process",5,2,0.47,"0.0741",4.25531914893617,"cluster3"
"GO:0000012","single strand break repair",5,2,0.47,"0.0741",4.25531914893617,"cluster3"
"GO:0009221","pyrimidine deoxyribonucleotide biosynthetic process",5,2,0.47,"0.0741",4.25531914893617,"cluster3"
"GO:0009211","pyrimidine deoxyribonucleoside triphosphate metabolic process",5,2,0.47,"0.0741",4.25531914893617,"cluster3"
"GO:0070525","tRNA threonylcarbamoyladenosine metabolic process",5,2,0.47,"0.0741",4.25531914893617,"cluster3"
"GO:0006353","DNA-templated transcription termination",5,2,0.47,"0.0741",4.25531914893617,"cluster3"
"GO:0000209","protein polyubiquitination",18,4,1.71,"0.0840",2.33918128654971,"cluster3"
"GO:0006753","nucleoside phosphate metabolic process",125,16,11.87,"0.0939",1.34793597304128,"cluster3"
"GO:0009141","nucleoside triphosphate metabolic process",29,6,2.75,"0.0942",2.18181818181818,"cluster3"
"GO:0009144","purine nucleoside triphosphate metabolic process",16,3,1.52,"0.0948",1.97368421052632,"cluster3"
"GO:1901292","nucleoside phosphate catabolic process",6,2,0.57,"0.0948",3.50877192982456,"cluster3"
"GO:0009164","nucleoside catabolic process",8,2,0.76,"0.0948",2.63157894736842,"cluster3"
"GO:0043408","regulation of MAPK cascade",12,3,1.14,"0.0979",2.63157894736842,"cluster3"
"GO:0099116","tRNA 5'-end processing",6,2,0.57,"0.1043",3.50877192982456,"cluster3"
"GO:0010918","positive regulation of mitochondrial membrane potential",6,2,0.57,"0.1043",3.50877192982456,"cluster3"
"GO:0071230","cellular response to amino acid stimulus",6,2,0.57,"0.1043",3.50877192982456,"cluster3"
"GO:0010421","hydrogen peroxide-mediated programmed cell death",6,2,0.57,"0.1043",3.50877192982456,"cluster3"
"GO:0019722","calcium-mediated signaling",6,2,0.57,"0.1043",3.50877192982456,"cluster3"
"GO:0031125","rRNA 3'-end processing",6,2,0.57,"0.1043",3.50877192982456,"cluster3"
"GO:0048837","sorocarp sorus development",29,3,2.75,"0.1050",1.09090909090909,"cluster3"
"GO:0006119","oxidative phosphorylation",31,3,2.94,"0.1051",1.02040816326531,"cluster3"
"GO:0045454","cell redox homeostasis",13,3,1.23,"0.1187",2.4390243902439,"cluster3"
"GO:0000460","maturation of 5.8S rRNA",20,5,1.9,"0.1358",2.63157894736842,"cluster3"
"GO:0006605","protein targeting",52,7,4.94,"0.1366",1.417004048583,"cluster3"
"GO:0051050","positive regulation of transport",23,4,2.18,"0.1368",1.8348623853211,"cluster3"
"GO:0051602","response to electrical stimulus",7,2,0.66,"0.1371",3.03030303030303,"cluster3"
"GO:0006013","mannose metabolic process",7,2,0.66,"0.1371",3.03030303030303,"cluster3"
"GO:0006623","protein targeting to vacuole",7,2,0.66,"0.1371",3.03030303030303,"cluster3"
"GO:0006284","base-excision repair",7,2,0.66,"0.1371",3.03030303030303,"cluster3"
"GO:0006357","regulation of transcription by RNA polymerase II",89,12,8.45,"0.1371",1.42011834319527,"cluster3"
"GO:0032008","positive regulation of TOR signaling",14,3,1.33,"0.1410",2.25563909774436,"cluster3"
"GO:0006383","transcription by RNA polymerase III",22,4,2.09,"0.1496",1.91387559808612,"cluster3"
"GO:0042274","ribosomal small subunit biogenesis",59,7,5.6,"0.1647",1.25,"cluster3"
"GO:0006397","mRNA processing",102,11,9.68,"0.1691",1.13636363636364,"cluster3"
"GO:0000466","maturation of 5.8S rRNA from tricistronic rRNA transcript (SSU-rRNA, 5.8S rRNA, LSU-rRNA)",13,3,1.23,"0.1713",2.4390243902439,"cluster3"
"GO:0120320","lateral pseudopodium retraction",8,2,0.76,"0.1718",2.63157894736842,"cluster3"
"GO:0000122","negative regulation of transcription by RNA polymerase II",8,2,0.76,"0.1718",2.63157894736842,"cluster3"
"GO:0016973","poly(A)+ mRNA export from nucleus",8,2,0.76,"0.1718",2.63157894736842,"cluster3"
"GO:0031640","killing of cells of another organism",8,2,0.76,"0.1718",2.63157894736842,"cluster3"
"GO:0046940","nucleoside monophosphate phosphorylation",8,2,0.76,"0.1718",2.63157894736842,"cluster3"
"GO:0030150","protein import into mitochondrial matrix",8,2,0.76,"0.1718",2.63157894736842,"cluster3"
"GO:0034314","Arp2/3 complex-mediated actin nucleation",19,3,1.8,"0.1718",1.66666666666667,"cluster3"
"GO:0006399","tRNA metabolic process",108,11,10.25,"0.1722",1.07317073170732,"cluster3"
"GO:0016070","RNA metabolic process",519,59,49.27,"0.1752",1.19748325553075,"cluster3"
"GO:0009394","2'-deoxyribonucleotide metabolic process",9,4,0.85,"0.1796",4.70588235294118,"cluster3"
"GO:0009165","nucleotide biosynthetic process",77,10,7.31,"0.1798",1.36798905608755,"cluster3"
"GO:0009265","2'-deoxyribonucleotide biosynthetic process",7,3,0.66,"0.1801",4.54545454545454,"cluster3"
"GO:0098542","defense response to other organism",31,5,2.94,"0.1802",1.70068027210884,"cluster3"
"GO:0036260","RNA capping",10,3,0.95,"0.1802",3.15789473684211,"cluster3"
"GO:0050764","regulation of phagocytosis",24,4,2.28,"0.1804",1.75438596491228,"cluster3"
"GO:0040017","positive regulation of locomotion",8,2,0.76,"0.1806",2.63157894736842,"cluster3"
"GO:0003006","developmental process involved in reproduction",8,2,0.76,"0.1806",2.63157894736842,"cluster3"
"GO:0032103","positive regulation of response to external stimulus",8,2,0.76,"0.1806",2.63157894736842,"cluster3"
"GO:1903046","meiotic cell cycle process",9,2,0.85,"0.1807",2.35294117647059,"cluster3"
"GO:0019935","cyclic-nucleotide-mediated signaling",9,2,0.85,"0.1807",2.35294117647059,"cluster3"
"GO:0009081","branched-chain amino acid metabolic process",17,2,1.61,"0.1811",1.24223602484472,"cluster3"
"GO:0006338","chromatin remodeling",137,16,13.01,"0.1811",1.22982321291314,"cluster3"
"GO:0008360","regulation of cell shape",16,3,1.52,"0.1891",1.97368421052632,"cluster3"
"GO:0030865","cortical cytoskeleton organization",41,5,3.89,"0.1895",1.2853470437018,"cluster3"
"GO:0006364","rRNA processing",111,15,10.54,"0.2000",1.42314990512334,"cluster3"
"GO:0045892","negative regulation of DNA-templated transcription",17,4,1.61,"0.2064",2.48447204968944,"cluster3"
"GO:0043157","response to cation stress",9,2,0.85,"0.2077",2.35294117647059,"cluster3"
"GO:0019430","removal of superoxide radicals",9,2,0.85,"0.2077",2.35294117647059,"cluster3"
"GO:0015986","proton motive force-driven ATP synthesis",9,2,0.85,"0.2077",2.35294117647059,"cluster3"
"GO:0098869","cellular oxidant detoxification",27,5,2.56,"0.2389",1.953125,"cluster3"
"GO:0051603","proteolysis involved in protein catabolic process",133,15,12.63,"0.2390",1.18764845605701,"cluster3"
"GO:0000288","nuclear-transcribed mRNA catabolic process, deadenylation-dependent decay",10,2,0.95,"0.2442",2.10526315789474,"cluster3"
"GO:0050766","positive regulation of phagocytosis",10,2,0.95,"0.2442",2.10526315789474,"cluster3"
"GO:0006633","fatty acid biosynthetic process",36,5,3.42,"0.2526",1.46198830409357,"cluster3"
"GO:0072330","monocarboxylic acid biosynthetic process",39,6,3.7,"0.2575",1.62162162162162,"cluster3"
"GO:0009651","response to salt stress",12,3,1.14,"0.2578",2.63157894736842,"cluster3"
"GO:0051321","meiotic cell cycle",12,3,1.14,"0.2578",2.63157894736842,"cluster3"
"GO:0051239","regulation of multicellular organismal process",8,2,0.76,"0.2583",2.63157894736842,"cluster3"
"GO:2000145","regulation of cell motility",11,2,1.04,"0.2585",1.92307692307692,"cluster3"
"GO:0006816","calcium ion transport",12,2,1.14,"0.2586",1.75438596491228,"cluster3"
"GO:0043491","phosphatidylinositol 3-kinase/protein kinase B signal transduction",16,2,1.52,"0.2588",1.31578947368421,"cluster3"
"GO:0006164","purine nucleotide biosynthetic process",53,6,5.03,"0.2810",1.19284294234592,"cluster3"
"GO:0009148","pyrimidine nucleoside triphosphate biosynthetic process",11,2,1.04,"0.2810",1.92307692307692,"cluster3"
"GO:0007059","chromosome segregation",28,3,2.66,"0.2818",1.12781954887218,"cluster3"
"GO:0006418","tRNA aminoacylation for protein translation",36,19,6.55,"2.6e-06",2.90076335877863,"cluster4"
"GO:0032543","mitochondrial translation",21,11,3.82,"0.0004",2.87958115183246,"cluster4"
"GO:0000027","ribosomal large subunit assembly",7,5,1.27,"0.0030",3.93700787401575,"cluster4"
"GO:0046854","phosphatidylinositol phosphate biosynthetic process",10,6,1.82,"0.0038",3.2967032967033,"cluster4"
"GO:0034058","endosomal vesicle fusion",5,4,0.91,"0.0046",4.3956043956044,"cluster4"
"GO:0046856","phosphatidylinositol dephosphorylation",5,4,0.91,"0.0046",4.3956043956044,"cluster4"
"GO:0106074","aminoacyl-tRNA metabolism involved in translational fidelity",8,5,1.46,"0.0068",3.42465753424658,"cluster4"
"GO:0000463","maturation of LSU-rRNA from tricistronic rRNA transcript (SSU-rRNA, 5.8S rRNA, LSU-rRNA)",11,6,2,"0.0071",3,"cluster4"
"GO:0048312","intracellular distribution of mitochondria",6,4,1.09,"0.0119",3.6697247706422,"cluster4"
"GO:0070060","'de novo' actin filament nucleation",6,4,1.09,"0.0119",3.6697247706422,"cluster4"
"GO:0007029","endoplasmic reticulum organization",6,4,1.09,"0.0119",3.6697247706422,"cluster4"
"GO:0006869","lipid transport",25,7,4.55,"0.0130",1.53846153846154,"cluster4"
"GO:0006907","pinocytosis",64,17,11.64,"0.0207",1.46048109965636,"cluster4"
"GO:0051129","negative regulation of cellular component organization",50,11,9.09,"0.0208",1.21012101210121,"cluster4"
"GO:0007005","mitochondrion organization",77,26,14.01,"0.0214",1.85581727337616,"cluster4"
"GO:0006390","mitochondrial transcription",7,4,1.27,"0.0239",3.1496062992126,"cluster4"
"GO:0072583","clathrin-dependent endocytosis",7,4,1.27,"0.0239",3.1496062992126,"cluster4"
"GO:0051225","spindle assembly",7,4,1.27,"0.0239",3.1496062992126,"cluster4"
"GO:0006189","'de novo' IMP biosynthetic process",7,4,1.27,"0.0239",3.1496062992126,"cluster4"
"GO:0001060","transcription by RNA polymerase V",7,4,1.27,"0.0239",3.1496062992126,"cluster4"
"GO:0001059","transcription by RNA polymerase IV",7,4,1.27,"0.0239",3.1496062992126,"cluster4"
"GO:0006623","protein targeting to vacuole",7,4,1.27,"0.0239",3.1496062992126,"cluster4"
"GO:1905345","protein localization to cleavage furrow",7,4,1.27,"0.0239",3.1496062992126,"cluster4"
"GO:0042793","plastid transcription",7,4,1.27,"0.0239",3.1496062992126,"cluster4"
"GO:0001732","formation of cytoplasmic translation initiation complex",14,6,2.55,"0.0284",2.35294117647059,"cluster4"
"GO:0043039","tRNA aminoacylation",38,21,6.91,"0.0317",3.03907380607815,"cluster4"
"GO:0055085","transmembrane transport",139,29,25.28,"0.0335",1.14715189873418,"cluster4"
"GO:0033298","contractile vacuole organization",15,6,2.73,"0.0402",2.1978021978022,"cluster4"
"GO:0016482","cytosolic transport",26,8,4.73,"0.0446",1.69133192389006,"cluster4"
"GO:0000723","telomere maintenance",5,3,0.91,"0.0448",3.2967032967033,"cluster4"
"GO:0035023","regulation of Rho protein signal transduction",5,3,0.91,"0.0448",3.2967032967033,"cluster4"
"GO:0061952","midbody abscission",5,3,0.91,"0.0448",3.2967032967033,"cluster4"
"GO:1990456","mitochondrion-endoplasmic reticulum membrane tethering",5,3,0.91,"0.0448",3.2967032967033,"cluster4"
"GO:0008361","regulation of cell size",5,3,0.91,"0.0448",3.2967032967033,"cluster4"
"GO:0006782","protoporphyrinogen IX biosynthetic process",5,3,0.91,"0.0448",3.2967032967033,"cluster4"
"GO:0051452","intracellular pH reduction",12,4,2.18,"0.0449",1.8348623853211,"cluster4"
"GO:0065003","protein-containing complex assembly",257,55,46.75,"0.0530",1.17647058823529,"cluster4"
"GO:0006366","transcription by RNA polymerase II",134,26,24.37,"0.0562",1.06688551497743,"cluster4"
"GO:0030968","endoplasmic reticulum unfolded protein response",9,4,1.64,"0.0634",2.4390243902439,"cluster4"
"GO:0015031","protein transport",263,59,47.84,"0.0634",1.23327759197324,"cluster4"
"GO:1990542","mitochondrial transmembrane transport",14,6,2.55,"0.0772",2.35294117647059,"cluster4"
"GO:0033299","secretion of lysosomal enzymes",6,3,1.09,"0.0777",2.75229357798165,"cluster4"
"GO:0031109","microtubule polymerization or depolymerization",6,3,1.09,"0.0777",2.75229357798165,"cluster4"
"GO:0051223","regulation of protein transport",6,3,1.09,"0.0777",2.75229357798165,"cluster4"
"GO:0006646","phosphatidylethanolamine biosynthetic process",6,3,1.09,"0.0777",2.75229357798165,"cluster4"
"GO:0006298","mismatch repair",6,3,1.09,"0.0777",2.75229357798165,"cluster4"
"GO:0007033","vacuole organization",51,17,9.28,"0.0855",1.83189655172414,"cluster4"
"GO:0031503","protein-containing complex localization",11,3,2,"0.0873",1.5,"cluster4"
"GO:0008104","protein localization",333,74,60.57,"0.0873",1.22172692752188,"cluster4"
"GO:0051321","meiotic cell cycle",12,3,2.18,"0.0873",1.37614678899083,"cluster4"
"GO:0000045","autophagosome assembly",14,5,2.55,"0.0936",1.96078431372549,"cluster4"
"GO:0007265","Ras protein signal transduction",46,12,8.37,"0.1173",1.4336917562724,"cluster4"
"GO:0032386","regulation of intracellular transport",7,3,1.27,"0.1181",2.36220472440945,"cluster4"
"GO:0031161","phosphatidylinositol catabolic process",7,3,1.27,"0.1181",2.36220472440945,"cluster4"
"GO:0000184","nuclear-transcribed mRNA catabolic process, nonsense-mediated decay",7,3,1.27,"0.1181",2.36220472440945,"cluster4"
"GO:0048015","phosphatidylinositol-mediated signaling",7,3,1.27,"0.1181",2.36220472440945,"cluster4"
"GO:0016226","iron-sulfur cluster assembly",15,5,2.73,"0.1204",1.83150183150183,"cluster4"
"GO:0006367","transcription initiation at RNA polymerase II promoter",17,6,3.09,"0.1226",1.94174757281553,"cluster4"
"GO:0031167","rRNA methylation",11,4,2,"0.1231",2,"cluster4"
"GO:0032259","methylation",59,15,10.73,"0.1366",1.39794967381174,"cluster4"
"GO:0006629","lipid metabolic process",215,55,39.11,"0.1390",1.40628995141907,"cluster4"
"GO:0007032","endosome organization",16,5,2.91,"0.1502",1.71821305841924,"cluster4"
"GO:0045010","actin nucleation",31,9,5.64,"0.1527",1.59574468085106,"cluster4"
"GO:0048548","regulation of pinocytosis",24,7,4.37,"0.1530",1.60183066361556,"cluster4"
"GO:1905039","carboxylic acid transmembrane transport",9,4,1.64,"0.1531",2.4390243902439,"cluster4"
"GO:0046653","tetrahydrofolate metabolic process",11,3,2,"0.1537",1.5,"cluster4"
"GO:0006900","vesicle budding from membrane",13,3,2.36,"0.1538",1.27118644067797,"cluster4"
"GO:0050765","negative regulation of phagocytosis",12,4,2.18,"0.1593",1.8348623853211,"cluster4"
"GO:0032984","protein-containing complex disassembly",37,7,6.73,"0.1604",1.04011887072808,"cluster4"
"GO:0009617","response to bacterium",107,24,19.46,"0.1609",1.23329907502569,"cluster4"
"GO:0000278","mitotic cell cycle",139,32,25.28,"0.1612",1.26582278481013,"cluster4"
"GO:0006338","chromatin remodeling",137,29,24.92,"0.1642",1.16372391653291,"cluster4"
"GO:0046956","positive phototaxis",8,3,1.46,"0.1645",2.05479452054795,"cluster4"
"GO:0030150","protein import into mitochondrial matrix",8,3,1.46,"0.1645",2.05479452054795,"cluster4"
"GO:0060176","regulation of aggregation involved in sorocarp development",22,5,4,"0.1648",1.25,"cluster4"
"GO:0006887","exocytosis",46,11,8.37,"0.1717",1.3142174432497,"cluster4"
"GO:0006971","hypotonic response",45,11,8.19,"0.1772",1.34310134310134,"cluster4"
"GO:0009156","ribonucleoside monophosphate biosynthetic process",23,10,4.18,"0.1804",2.39234449760766,"cluster4"
"GO:0030258","lipid modification",36,12,6.55,"0.1805",1.83206106870229,"cluster4"
"GO:0090174","organelle membrane fusion",30,9,5.46,"0.1811",1.64835164835165,"cluster4"
"GO:0000959","mitochondrial RNA metabolic process",14,6,2.55,"0.1811",2.35294117647059,"cluster4"
"GO:0035967","cellular response to topologically incorrect protein",10,5,1.82,"0.1812",2.74725274725275,"cluster4"
"GO:0009605","response to external stimulus",321,61,58.39,"0.1813",1.04469943483473,"cluster4"
"GO:0000280","nuclear division",22,6,4,"0.1815",1.5,"cluster4"
"GO:0043488","regulation of mRNA stability",11,4,2,"0.1815",2,"cluster4"
"GO:0033554","cellular response to stress",281,53,51.11,"0.1816",1.03697906476228,"cluster4"
"GO:0042770","signal transduction in response to DNA damage",8,3,1.46,"0.1817",2.05479452054795,"cluster4"
"GO:0140014","mitotic nuclear division",14,4,2.55,"0.1817",1.56862745098039,"cluster4"
"GO:0140056","organelle localization by membrane tethering",20,5,3.64,"0.1817",1.37362637362637,"cluster4"
"GO:0031327","negative regulation of cellular biosynthetic process",98,19,17.83,"0.1818",1.06561974200785,"cluster4"
"GO:0043067","regulation of programmed cell death",16,4,2.91,"0.1818",1.3745704467354,"cluster4"
"GO:0006575","cellular modified amino acid metabolic process",18,4,3.27,"0.1819",1.22324159021407,"cluster4"
"GO:0034728","nucleosome organization",9,2,1.64,"0.1820",1.21951219512195,"cluster4"
"GO:0051058","negative regulation of small GTPase mediated signal transduction",10,2,1.82,"0.1821",1.0989010989011,"cluster4"
"GO:0031154","culmination involved in sorocarp development",92,17,5.37,"0.00030",3.1657355679702,"cluster5"
"GO:0030198","extracellular matrix organization",24,7,1.4,"0.00031",5,"cluster5"
"GO:0007155","cell adhesion",73,10,4.26,"0.00367",2.34741784037559,"cluster5"
"GO:0042244","spore wall assembly",7,3,0.41,"0.00576",7.31707317073171,"cluster5"
"GO:0044403","biological process involved in symbiotic interaction",10,3,0.58,"0.00972",5.17241379310345,"cluster5"
"GO:0098869","cellular oxidant detoxification",27,5,1.58,"0.01790",3.16455696202532,"cluster5"
"GO:0019395","fatty acid oxidation",28,5,1.63,"0.01852",3.06748466257669,"cluster5"
"GO:0009251","glucan catabolic process",14,4,0.82,"0.01855",4.8780487804878,"cluster5"
"GO:0099134","chimeric sorocarp development",9,3,0.53,"0.01868",5.66037735849057,"cluster5"
"GO:0030435","sporulation resulting in formation of a cellular spore",45,9,2.63,"0.01991",3.42205323193916,"cluster5"
"GO:0031285","regulation of sorocarp stalk cell differentiation",11,3,0.64,"0.02281",4.6875,"cluster5"
"GO:0006546","glycine catabolic process",5,2,0.29,"0.03016",6.89655172413793,"cluster5"
"GO:0006012","galactose metabolic process",5,2,0.29,"0.03016",6.89655172413793,"cluster5"
"GO:1902168","response to catechin",5,2,0.29,"0.03016",6.89655172413793,"cluster5"
"GO:0008037","cell recognition",5,2,0.29,"0.03016",6.89655172413793,"cluster5"
"GO:0030149","sphingolipid catabolic process",5,2,0.29,"0.03016",6.89655172413793,"cluster5"
"GO:0046135","pyrimidine nucleoside catabolic process",5,2,0.29,"0.03016",6.89655172413793,"cluster5"
"GO:0042886","amide transport",5,2,0.29,"0.03016",6.89655172413793,"cluster5"
"GO:0034308","primary alcohol metabolic process",5,2,0.29,"0.03016",6.89655172413793,"cluster5"
"GO:0032467","positive regulation of cytokinesis",5,2,0.29,"0.03016",6.89655172413793,"cluster5"
"GO:0044282","small molecule catabolic process",112,15,6.54,"0.03332",2.29357798165138,"cluster5"
"GO:0140582","adenylate cyclase-activating G protein-coupled cAMP receptor signaling pathway",22,4,1.28,"0.03598",3.125,"cluster5"
"GO:0098742","cell-cell adhesion via plasma-membrane adhesion molecules",13,3,0.76,"0.03628",3.94736842105263,"cluster5"
"GO:1904643","response to curcumin",13,3,0.76,"0.03628",3.94736842105263,"cluster5"
"GO:0042744","hydrogen peroxide catabolic process",6,2,0.35,"0.04352",5.71428571428571,"cluster5"
"GO:0046185","aldehyde catabolic process",6,2,0.35,"0.04352",5.71428571428571,"cluster5"
"GO:0035821","modulation of process of another organism",6,2,0.35,"0.04352",5.71428571428571,"cluster5"
"GO:0042454","ribonucleoside catabolic process",6,2,0.35,"0.04352",5.71428571428571,"cluster5"
"GO:0140676","oscillatory cAMP signaling",6,2,0.35,"0.04352",5.71428571428571,"cluster5"
"GO:0006979","response to oxidative stress",53,6,3.09,"0.04383",1.94174757281553,"cluster5"
"GO:0009062","fatty acid catabolic process",31,5,1.81,"0.05776",2.76243093922652,"cluster5"
"GO:0006013","mannose metabolic process",7,2,0.41,"0.05862",4.8780487804878,"cluster5"
"GO:0000245","spliceosomal complex assembly",7,2,0.41,"0.05862",4.8780487804878,"cluster5"
"GO:0031288","sorocarp morphogenesis",50,6,2.92,"0.06849",2.05479452054795,"cluster5"
"GO:0031640","killing of cells of another organism",8,2,0.47,"0.07522",4.25531914893617,"cluster5"
"GO:0008655","pyrimidine-containing compound salvage",8,2,0.47,"0.07522",4.25531914893617,"cluster5"
"GO:0031153","slug development involved in sorocarp development",9,2,0.53,"0.09310",3.77358490566038,"cluster5"
"GO:1905301","regulation of macropinocytosis",20,3,1.17,"0.10751",2.56410256410256,"cluster5"
"GO:0006672","ceramide metabolic process",8,2,0.47,"0.11299",4.25531914893617,"cluster5"
"GO:0006082","organic acid metabolic process",272,17,15.88,"0.11321",1.07052896725441,"cluster5"
"GO:0031507","heterochromatin formation",11,2,0.64,"0.13187",3.125,"cluster5"
"GO:1990748","cellular detoxification",30,6,1.75,"0.16243",3.42857142857143,"cluster5"
"GO:0045595","regulation of cell differentiation",23,5,1.34,"0.16290",3.73134328358209,"cluster5"
"GO:0072330","monocarboxylic acid biosynthetic process",39,4,2.28,"0.16443",1.75438596491228,"cluster5"
"GO:0009395","phospholipid catabolic process",11,2,0.64,"0.16472",3.125,"cluster5"
"GO:0055080","monoatomic cation homeostasis",37,3,2.16,"0.16513",1.38888888888889,"cluster5"
"GO:0045017","glycerolipid biosynthetic process",34,2,1.98,"0.16578",1.01010101010101,"cluster5"
"GO:0006536","glutamate metabolic process",13,2,0.76,"0.17353",2.63157894736842,"cluster5"
"GO:0098771","inorganic ion homeostasis",20,3,1.17,"0.19408",2.56410256410256,"cluster5"
"GO:0006665","sphingolipid metabolic process",18,3,1.05,"0.21275",2.85714285714286,"cluster5"
"GO:0031149","sorocarp stalk cell differentiation",26,5,1.52,"0.21302",3.28947368421053,"cluster5"
"GO:0009411","response to UV",9,2,0.53,"0.21322",3.77358490566038,"cluster5"
"GO:0006635","fatty acid beta-oxidation",24,3,1.4,"0.21615",2.14285714285714,"cluster5"
"GO:0008360","regulation of cell shape",16,2,0.93,"0.23899",2.1505376344086,"cluster5"
"GO:0006368","transcription elongation by RNA polymerase II",16,2,0.93,"0.23899",2.1505376344086,"cluster5"
"GO:0030865","cortical cytoskeleton organization",41,3,2.39,"0.23982",1.25523012552301,"cluster5"
"GO:0009266","response to temperature stimulus",21,2,1.23,"0.25978",1.6260162601626,"cluster5"
"GO:0032784","regulation of DNA-templated transcription elongation",5,1,0.29,"0.25986",3.44827586206897,"cluster5"
"GO:0032012","regulation of ARF protein signal transduction",5,1,0.29,"0.25986",3.44827586206897,"cluster5"
"GO:0051204","protein insertion into mitochondrial membrane",5,1,0.29,"0.25986",3.44827586206897,"cluster5"
"GO:0006089","lactate metabolic process",5,1,0.29,"0.25986",3.44827586206897,"cluster5"
"GO:0140460","response to Gram-negative bacterium",5,1,0.29,"0.25986",3.44827586206897,"cluster5"
"GO:0006782","protoporphyrinogen IX biosynthetic process",5,1,0.29,"0.25986",3.44827586206897,"cluster5"
"GO:0031118","rRNA pseudouridine synthesis",5,1,0.29,"0.25986",3.44827586206897,"cluster5"
"GO:1901655","cellular response to ketone",5,1,0.29,"0.25986",3.44827586206897,"cluster5"
"GO:0099139","cheating during chimeric sorocarp development",5,1,0.29,"0.25986",3.44827586206897,"cluster5"
"GO:0016601","Rac protein signal transduction",5,1,0.29,"0.25986",3.44827586206897,"cluster5"
"GO:0010225","response to UV-C",5,1,0.29,"0.25986",3.44827586206897,"cluster5"
"GO:0101030","tRNA-guanine transglycosylation",5,1,0.29,"0.25986",3.44827586206897,"cluster5"
"GO:0030245","cellulose catabolic process",5,1,0.29,"0.25986",3.44827586206897,"cluster5"
"GO:0051645","Golgi localization",5,1,0.29,"0.25986",3.44827586206897,"cluster5"
"GO:0005980","glycogen catabolic process",5,1,0.29,"0.25986",3.44827586206897,"cluster5"
"GO:2000242","negative regulation of reproductive process",5,1,0.29,"0.25986",3.44827586206897,"cluster5"
"GO:0051241","negative regulation of multicellular organismal process",5,1,0.29,"0.25986",3.44827586206897,"cluster5"
"GO:0016482","cytosolic transport",26,2,1.52,"0.26012",1.31578947368421,"cluster5"
"GO:1901617","organic hydroxy compound biosynthetic process",48,4,2.8,"0.26079",1.42857142857143,"cluster5"
"GO:0055085","transmembrane transport",139,9,8.11,"0.29594",1.10974106041924,"cluster5"
"GO:0014070","response to organic cyclic compound",79,9,4.61,"0.29811",1.95227765726681,"cluster5"
"GO:0031150","sorocarp stalk development",32,6,1.87,"0.29852",3.20855614973262,"cluster5"
"GO:0046512","sphingosine biosynthetic process",6,1,0.35,"0.30312",2.85714285714286,"cluster5"
"GO:0046513","ceramide biosynthetic process",6,1,0.35,"0.30312",2.85714285714286,"cluster5"
"GO:1904515","positive regulation of TORC2 signaling",6,1,0.35,"0.30312",2.85714285714286,"cluster5"
"GO:0045727","positive regulation of translation",6,1,0.35,"0.30312",2.85714285714286,"cluster5"
"GO:0006071","glycerol metabolic process",6,1,0.35,"0.30312",2.85714285714286,"cluster5"
"GO:0042182","ketone catabolic process",6,1,0.35,"0.30312",2.85714285714286,"cluster5"
"GO:0031124","mRNA 3'-end processing",6,1,0.35,"0.30312",2.85714285714286,"cluster5"
"GO:0006122","mitochondrial electron transport, ubiquinol to cytochrome c",6,1,0.35,"0.30312",2.85714285714286,"cluster5"
"GO:0046338","phosphatidylethanolamine catabolic process",6,1,0.35,"0.30312",2.85714285714286,"cluster5"
"GO:0034605","cellular response to heat",6,1,0.35,"0.30312",2.85714285714286,"cluster5"
"GO:0006641","triglyceride metabolic process",6,1,0.35,"0.30312",2.85714285714286,"cluster5"
"GO:0046835","carbohydrate phosphorylation",6,1,0.35,"0.30312",2.85714285714286,"cluster5"
"GO:0006879","intracellular iron ion homeostasis",6,1,0.35,"0.30312",2.85714285714286,"cluster5"
"GO:0015918","sterol transport",6,1,0.35,"0.30312",2.85714285714286,"cluster5"
"GO:0051642","centrosome localization",6,1,0.35,"0.30312",2.85714285714286,"cluster5"
"GO:0000398","mRNA splicing, via spliceosome",73,14,4.22,"0.00040",3.3175355450237,"cluster6"
"GO:0006406","mRNA export from nucleus",22,8,1.27,"0.00075",6.2992125984252,"cluster6"
"GO:0009100","glycoprotein metabolic process",32,5,1.85,"0.00331",2.7027027027027,"cluster6"
"GO:0016051","carbohydrate biosynthetic process",17,4,0.98,"0.00332",4.08163265306122,"cluster6"
"GO:0000972","transcription-dependent tethering of RNA polymerase II gene DNA at nuclear periphery",7,3,0.4,"0.00559",7.5,"cluster6"
"GO:0009396","folic acid-containing compound biosynthetic process",7,3,0.4,"0.00559",7.5,"cluster6"
"GO:0006606","protein import into nucleus",31,6,1.79,"0.00753",3.35195530726257,"cluster6"
"GO:0016973","poly(A)+ mRNA export from nucleus",8,3,0.46,"0.00857",6.52173913043478,"cluster6"
"GO:0006897","endocytosis",168,11,9.71,"0.01796",1.13285272914521,"cluster6"
"GO:0046653","tetrahydrofolate metabolic process",11,3,0.64,"0.01834",4.6875,"cluster6"
"GO:0006890","retrograde vesicle-mediated transport, Golgi to endoplasmic reticulum",12,3,0.69,"0.02837",4.34782608695652,"cluster6"
"GO:0006620","post-translational protein targeting to endoplasmic reticulum membrane",5,2,0.29,"0.02959",6.89655172413793,"cluster6"
"GO:0003333","amino acid transmembrane transport",5,2,0.29,"0.02959",6.89655172413793,"cluster6"
"GO:0042816","vitamin B6 metabolic process",5,2,0.29,"0.02959",6.89655172413793,"cluster6"
"GO:0098661","inorganic anion transmembrane transport",5,2,0.29,"0.02959",6.89655172413793,"cluster6"
"GO:0006116","NADH oxidation",5,2,0.29,"0.02959",6.89655172413793,"cluster6"
"GO:0006595","polyamine metabolic process",5,2,0.29,"0.02959",6.89655172413793,"cluster6"
"GO:0015937","coenzyme A biosynthetic process",5,2,0.29,"0.02959",6.89655172413793,"cluster6"
"GO:0070525","tRNA threonylcarbamoyladenosine metabolic process",5,2,0.29,"0.02959",6.89655172413793,"cluster6"
"GO:0000070","mitotic sister chromatid segregation",13,3,0.75,"0.03535",4,"cluster6"
"GO:0031150","sorocarp stalk development",32,3,1.85,"0.04291",1.62162162162162,"cluster6"
"GO:0007030","Golgi organization",14,3,0.81,"0.04312",3.7037037037037,"cluster6"
"GO:0006405","RNA export from nucleus",29,10,1.68,"0.05400",5.95238095238095,"cluster6"
"GO:0051028","mRNA transport",29,10,1.68,"0.05400",5.95238095238095,"cluster6"
"GO:0043094","cellular metabolic compound salvage",20,3,1.16,"0.05752",2.58620689655172,"cluster6"
"GO:0051489","regulation of filopodium assembly",7,2,0.4,"0.05756",5,"cluster6"
"GO:0006729","tetrahydrobiopterin biosynthetic process",7,2,0.4,"0.05756",5,"cluster6"
"GO:0009062","fatty acid catabolic process",31,3,1.79,"0.05776",1.67597765363128,"cluster6"
"GO:0006334","nucleosome assembly",8,2,0.46,"0.07388",4.34782608695652,"cluster6"
"GO:0006783","heme biosynthetic process",8,2,0.46,"0.07388",4.34782608695652,"cluster6"
"GO:0006874","intracellular calcium ion homeostasis",8,2,0.46,"0.07388",4.34782608695652,"cluster6"
"GO:0009311","oligosaccharide metabolic process",8,2,0.46,"0.07388",4.34782608695652,"cluster6"
"GO:0008033","tRNA processing",63,7,3.64,"0.08031",1.92307692307692,"cluster6"
"GO:0016070","RNA metabolic process",519,35,29.99,"0.10954",1.16705568522841,"cluster6"
"GO:0072329","monocarboxylic acid catabolic process",33,4,1.91,"0.11157",2.09424083769634,"cluster6"
"GO:0006886","intracellular protein transport",184,19,10.63,"0.11173",1.78739416745061,"cluster6"
"GO:0034440","lipid oxidation",30,3,1.73,"0.11203",1.73410404624277,"cluster6"
"GO:0071806","protein transmembrane transport",19,2,1.1,"0.11223",1.81818181818182,"cluster6"
"GO:0010876","lipid localization",27,2,1.56,"0.11249",1.28205128205128,"cluster6"
"GO:0031507","heterochromatin formation",11,2,0.64,"0.12967",3.125,"cluster6"
"GO:0000387","spliceosomal snRNP assembly",12,2,0.69,"0.14993",2.89855072463768,"cluster6"
"GO:0006418","tRNA aminoacylation for protein translation",36,4,2.08,"0.15138",1.92307692307692,"cluster6"
"GO:0006807","nitrogen compound metabolic process",1487,90,85.92,"0.15906",1.04748603351955,"cluster6"
"GO:0030203","glycosaminoglycan metabolic process",10,2,0.58,"0.16310",3.44827586206897,"cluster6"
"GO:1990748","cellular detoxification",30,2,1.73,"0.16401",1.15606936416185,"cluster6"
"GO:0045017","glycerolipid biosynthetic process",34,2,1.96,"0.16420",1.02040816326531,"cluster6"
"GO:0006888","endoplasmic reticulum to Golgi vesicle-mediated transport",39,4,2.25,"0.18574",1.77777777777778,"cluster6"
"GO:0001732","formation of cytoplasmic translation initiation complex",14,2,0.81,"0.19203",2.46913580246914,"cluster6"
"GO:0006997","nucleus organization",14,2,0.81,"0.19203",2.46913580246914,"cluster6"
"GO:0042026","protein refolding",14,2,0.81,"0.19203",2.46913580246914,"cluster6"
"GO:1901576","organic substance biosynthetic process",1215,81,70.21,"0.19649",1.15368181170773,"cluster6"
"GO:0006913","nucleocytoplasmic transport",67,11,3.87,"0.20553",2.84237726098191,"cluster6"
"GO:1905039","carboxylic acid transmembrane transport",9,3,0.52,"0.21025",5.76923076923077,"cluster6"
"GO:0006730","one-carbon metabolic process",11,2,0.64,"0.21136",3.125,"cluster6"
"GO:0007031","peroxisome organization",11,2,0.64,"0.21136",3.125,"cluster6"
"GO:0071554","cell wall organization or biogenesis",13,2,0.75,"0.21147",2.66666666666667,"cluster6"
"GO:0002097","tRNA wobble base modification",14,2,0.81,"0.21153",2.46913580246914,"cluster6"
"GO:0019395","fatty acid oxidation",28,2,1.62,"0.21233",1.23456790123457,"cluster6"
"GO:0007041","lysosomal transport",15,2,0.87,"0.21362",2.29885057471264,"cluster6"
"GO:0006907","pinocytosis",64,4,3.7,"0.22010",1.08108108108108,"cluster6"
"GO:0006368","transcription elongation by RNA polymerase II",16,2,0.92,"0.23543",2.17391304347826,"cluster6"
"GO:0007032","endosome organization",16,2,0.92,"0.23543",2.17391304347826,"cluster6"
"GO:0007186","G protein-coupled receptor signaling pathway",62,4,3.58,"0.23662",1.11731843575419,"cluster6"
"GO:0016192","vesicle-mediated transport",329,22,19.01,"0.24443",1.1572856391373,"cluster6"
"GO:0015711","organic anion transport",20,4,1.16,"0.25504",3.44827586206897,"cluster6"
"GO:0008277","regulation of G protein-coupled receptor signaling pathway",13,2,0.75,"0.25691",2.66666666666667,"cluster6"
"GO:0051606","detection of stimulus",5,1,0.29,"0.25753",3.44827586206897,"cluster6"
"GO:0015868","purine ribonucleotide transport",5,1,0.29,"0.25753",3.44827586206897,"cluster6"
"GO:0006089","lactate metabolic process",5,1,0.29,"0.25753",3.44827586206897,"cluster6"
"GO:1901991","negative regulation of mitotic cell cycle phase transition",5,1,0.29,"0.25753",3.44827586206897,"cluster6"
"GO:0043162","ubiquitin-dependent protein catabolic process via the multivesicular body sorting pathway",5,1,0.29,"0.25753",3.44827586206897,"cluster6"
"GO:0006465","signal peptide processing",5,1,0.29,"0.25753",3.44827586206897,"cluster6"
"GO:0120009","intermembrane lipid transfer",5,1,0.29,"0.25753",3.44827586206897,"cluster6"
"GO:0009166","nucleotide catabolic process",5,1,0.29,"0.25753",3.44827586206897,"cluster6"
"GO:0090646","mitochondrial tRNA processing",5,1,0.29,"0.25753",3.44827586206897,"cluster6"
"GO:0046655","folic acid metabolic process",5,1,0.29,"0.25753",3.44827586206897,"cluster6"
"GO:0140460","response to Gram-negative bacterium",5,1,0.29,"0.25753",3.44827586206897,"cluster6"
"GO:0044206","UMP salvage",5,1,0.29,"0.25753",3.44827586206897,"cluster6"
"GO:0046037","GMP metabolic process",5,1,0.29,"0.25753",3.44827586206897,"cluster6"
"GO:0009253","peptidoglycan catabolic process",5,1,0.29,"0.25753",3.44827586206897,"cluster6"
"GO:0001678","intracellular glucose homeostasis",5,1,0.29,"0.25753",3.44827586206897,"cluster6"
"GO:0000002","mitochondrial genome maintenance",5,1,0.29,"0.25753",3.44827586206897,"cluster6"
"GO:0051241","negative regulation of multicellular organismal process",5,1,0.29,"0.25753",3.44827586206897,"cluster6"
"GO:2000242","negative regulation of reproductive process",5,1,0.29,"0.25753",3.44827586206897,"cluster6"
"GO:0046184","aldehyde biosynthetic process",5,1,0.29,"0.25753",3.44827586206897,"cluster6"
"GO:0050000","chromosome localization",5,1,0.29,"0.25753",3.44827586206897,"cluster6"
"GO:0051784","negative regulation of nuclear division",5,1,0.29,"0.25753",3.44827586206897,"cluster6"
"GO:0035023","regulation of Rho protein signal transduction",5,1,0.29,"0.25753",3.44827586206897,"cluster6"
"GO:0009749","response to glucose",5,1,0.29,"0.25753",3.44827586206897,"cluster6"
"GO:0032261","purine nucleotide salvage",5,1,0.29,"0.25753",3.44827586206897,"cluster6"
"GO:0048193","Golgi vesicle transport",66,6,3.81,"0.27680",1.5748031496063,"cluster6"
"GO:0071705","nitrogen compound transport",302,32,17.45,"0.28027",1.83381088825215,"cluster6"
"GO:0051649","establishment of localization in cell",292,30,16.87,"0.28242",1.778304682869,"cluster6"
"GO:0030198","extracellular matrix organization",24,16,1.6,"4.1e-14",10,"cluster7"
"GO:0030245","cellulose catabolic process",5,3,0.33,"0.0026",9.09090909090909,"cluster7"
"GO:0009847","spore germination",10,4,0.67,"0.0029",5.97014925373134,"cluster7"
"GO:0030435","sporulation resulting in formation of a cellular spore",45,8,3,"0.0112",2.66666666666667,"cluster7"
"GO:0051603","proteolysis involved in protein catabolic process",133,10,8.86,"0.0287",1.12866817155756,"cluster7"
"GO:0065004","protein-DNA complex assembly",20,4,1.33,"0.0383",3.00751879699248,"cluster7"
"GO:0006607","NLS-bearing protein import into nucleus",5,2,0.33,"0.0386",6.06060606060606,"cluster7"
"GO:0046184","aldehyde biosynthetic process",5,2,0.33,"0.0386",6.06060606060606,"cluster7"
"GO:0006796","phosphate-containing compound metabolic process",230,17,15.32,"0.0550",1.10966057441253,"cluster7"
"GO:0051094","positive regulation of developmental process",6,2,0.4,"0.0555",5,"cluster7"
"GO:1901800","positive regulation of proteasomal protein catabolic process",6,2,0.4,"0.0555",5,"cluster7"
"GO:0046835","carbohydrate phosphorylation",6,2,0.4,"0.0555",5,"cluster7"
"GO:0042026","protein refolding",14,3,0.93,"0.0615",3.2258064516129,"cluster7"
"GO:0009110","vitamin biosynthetic process",11,3,0.73,"0.0662",4.10958904109589,"cluster7"
"GO:0009220","pyrimidine ribonucleotide biosynthetic process",12,3,0.8,"0.0663",3.75,"cluster7"
"GO:0043174","nucleoside salvage",7,2,0.47,"0.0665",4.25531914893617,"cluster7"
"GO:0009719","response to endogenous stimulus",16,2,1.07,"0.0666",1.86915887850467,"cluster7"
"GO:0007035","vacuolar acidification",7,2,0.47,"0.0743",4.25531914893617,"cluster7"
"GO:0006241","CTP biosynthetic process",7,2,0.47,"0.0743",4.25531914893617,"cluster7"
"GO:0006508","proteolysis",224,19,14.92,"0.0841",1.27345844504021,"cluster7"
"GO:0006633","fatty acid biosynthetic process",36,5,2.4,"0.0876",2.08333333333333,"cluster7"
"GO:0046940","nucleoside monophosphate phosphorylation",8,2,0.53,"0.0948",3.77358490566038,"cluster7"
"GO:0006096","glycolytic process",18,3,1.2,"0.1137",2.5,"cluster7"
"GO:0009251","glucan catabolic process",14,5,0.93,"0.1144",5.37634408602151,"cluster7"
"GO:0019430","removal of superoxide radicals",9,2,0.6,"0.1167",3.33333333333333,"cluster7"
"GO:0043173","nucleotide salvage",12,3,0.8,"0.1281",3.75,"cluster7"
"GO:0040017","positive regulation of locomotion",8,2,0.53,"0.1285",3.77358490566038,"cluster7"
"GO:0042181","ketone biosynthetic process",11,2,0.73,"0.1286",2.73972602739726,"cluster7"
"GO:0010639","negative regulation of organelle organization",34,3,2.27,"0.1289",1.3215859030837,"cluster7"
"GO:0008299","isoprenoid biosynthetic process",18,3,1.2,"0.1393",2.5,"cluster7"
"GO:0042364","water-soluble vitamin biosynthetic process",10,2,0.67,"0.1398",2.98507462686567,"cluster7"
"GO:0045944","positive regulation of transcription by RNA polymerase II",20,3,1.33,"0.1443",2.25563909774436,"cluster7"
"GO:0007166","cell surface receptor signaling pathway",16,3,1.07,"0.1629",2.80373831775701,"cluster7"
"GO:0051085","chaperone cofactor-dependent protein refolding",11,2,0.73,"0.1636",2.73972602739726,"cluster7"
"GO:0006417","regulation of translation",42,4,2.8,"0.1637",1.42857142857143,"cluster7"
"GO:0140582","adenylate cyclase-activating G protein-coupled cAMP receptor signaling pathway",22,3,1.47,"0.1773",2.04081632653061,"cluster7"
"GO:0007155","cell adhesion",73,8,4.86,"0.1856",1.64609053497942,"cluster7"
"GO:0008655","pyrimidine-containing compound salvage",8,2,0.53,"0.1864",3.77358490566038,"cluster7"
"GO:0009395","phospholipid catabolic process",11,2,0.73,"0.1866",2.73972602739726,"cluster7"
"GO:0007584","response to nutrient",22,2,1.47,"0.1871",1.36054421768707,"cluster7"
"GO:0060255","regulation of macromolecule metabolic process",300,20,19.99,"0.1876",1.00050025012506,"cluster7"
"GO:1901261","regulation of sorocarp spore cell differentiation",12,2,0.8,"0.1882",2.5,"cluster7"
"GO:0000387","spliceosomal snRNP assembly",12,2,0.8,"0.1882",2.5,"cluster7"
"GO:0006325","chromatin organization",149,10,9.93,"0.1897",1.00704934541793,"cluster7"
"GO:0098609","cell-cell adhesion",37,4,2.47,"0.2119",1.61943319838057,"cluster7"
"GO:0045454","cell redox homeostasis",13,2,0.87,"0.2131",2.29885057471264,"cluster7"
"GO:0090407","organophosphate biosynthetic process",138,10,9.19,"0.2136",1.08813928182807,"cluster7"
"GO:0006997","nucleus organization",14,2,0.93,"0.2384",2.1505376344086,"cluster7"
"GO:0072525","pyridine-containing compound biosynthetic process",11,2,0.73,"0.2406",2.73972602739726,"cluster7"
"GO:0002097","tRNA wobble base modification",14,2,0.93,"0.2408",2.1505376344086,"cluster7"
"GO:1902652","secondary alcohol metabolic process",18,2,1.2,"0.2411",1.66666666666667,"cluster7"
"GO:0006913","nucleocytoplasmic transport",67,5,4.46,"0.2413",1.12107623318386,"cluster7"
"GO:0040029","epigenetic regulation of gene expression",15,2,1,"0.2638",2,"cluster7"
"GO:0019318","hexose metabolic process",31,3,2.07,"0.2892",1.44927536231884,"cluster7"
"GO:0019438","aromatic compound biosynthetic process",322,22,21.45,"0.2900",1.02564102564103,"cluster7"
"GO:0051452","intracellular pH reduction",12,3,0.8,"0.2900",3.75,"cluster7"
"GO:0010608","post-transcriptional regulation of gene expression",47,5,3.13,"0.2904",1.59744408945687,"cluster7"
"GO:0080090","regulation of primary metabolic process",209,15,13.93,"0.2913",1.07681263460158,"cluster7"
"GO:0051606","detection of stimulus",5,1,0.33,"0.2918",3.03030303030303,"cluster7"
"GO:0061122","positive regulation of positive chemotaxis to cAMP",5,1,0.33,"0.2918",3.03030303030303,"cluster7"
"GO:0101030","tRNA-guanine transglycosylation",5,1,0.33,"0.2918",3.03030303030303,"cluster7"
"GO:0001845","phagolysosome assembly",5,1,0.33,"0.2918",3.03030303030303,"cluster7"
"GO:1901991","negative regulation of mitotic cell cycle phase transition",5,1,0.33,"0.2918",3.03030303030303,"cluster7"
"GO:0006465","signal peptide processing",5,1,0.33,"0.2918",3.03030303030303,"cluster7"
"GO:0120009","intermembrane lipid transfer",5,1,0.33,"0.2918",3.03030303030303,"cluster7"
"GO:0006488","dolichol-linked oligosaccharide biosynthetic process",5,1,0.33,"0.2918",3.03030303030303,"cluster7"
"GO:0042816","vitamin B6 metabolic process",5,1,0.33,"0.2918",3.03030303030303,"cluster7"
"GO:0009132","nucleoside diphosphate metabolic process",5,1,0.33,"0.2918",3.03030303030303,"cluster7"
"GO:0046655","folic acid metabolic process",5,1,0.33,"0.2918",3.03030303030303,"cluster7"
"GO:0099022","vesicle tethering",5,1,0.33,"0.2918",3.03030303030303,"cluster7"
"GO:0097696","receptor signaling pathway via STAT",5,1,0.33,"0.2918",3.03030303030303,"cluster7"
"GO:0140460","response to Gram-negative bacterium",5,1,0.33,"0.2918",3.03030303030303,"cluster7"
"GO:0044206","UMP salvage",5,1,0.33,"0.2918",3.03030303030303,"cluster7"
"GO:0000082","G1/S transition of mitotic cell cycle",5,1,0.33,"0.2918",3.03030303030303,"cluster7"
"GO:0098734","macromolecule depalmitoylation",5,1,0.33,"0.2918",3.03030303030303,"cluster7"
"GO:0034551","mitochondrial respiratory chain complex III assembly",5,1,0.33,"0.2918",3.03030303030303,"cluster7"
"GO:0019856","pyrimidine nucleobase biosynthetic process",5,1,0.33,"0.2918",3.03030303030303,"cluster7"
"GO:0006591","ornithine metabolic process",5,1,0.33,"0.2918",3.03030303030303,"cluster7"
"GO:0000002","mitochondrial genome maintenance",5,1,0.33,"0.2918",3.03030303030303,"cluster7"
"GO:0051241","negative regulation of multicellular organismal process",5,1,0.33,"0.2918",3.03030303030303,"cluster7"
"GO:0000731","DNA synthesis involved in DNA repair",5,1,0.33,"0.2918",3.03030303030303,"cluster7"
"GO:0001731","formation of translation preinitiation complex",5,1,0.33,"0.2918",3.03030303030303,"cluster7"
"GO:0048102","autophagic cell death",5,1,0.33,"0.2918",3.03030303030303,"cluster7"
"GO:0000447","endonucleolytic cleavage in ITS1 to separate SSU-rRNA from 5.8S rRNA and LSU-rRNA from tricistronic rRNA transcript (SSU-rRNA, 5.8S rRNA, LSU-rRNA)",5,1,0.33,"0.2918",3.03030303030303,"cluster7"
"GO:0006273","lagging strand elongation",5,1,0.33,"0.2918",3.03030303030303,"cluster7"
"GO:0072350","tricarboxylic acid metabolic process",5,1,0.33,"0.2918",3.03030303030303,"cluster7"
"GO:0034058","endosomal vesicle fusion",5,1,0.33,"0.2918",3.03030303030303,"cluster7"
"GO:2000242","negative regulation of reproductive process",5,1,0.33,"0.2918",3.03030303030303,"cluster7"
"GO:0051784","negative regulation of nuclear division",5,1,0.33,"0.2918",3.03030303030303,"cluster7"
"GO:0030865","cortical cytoskeleton organization",41,8,2.68,"0.00033",2.98507462686567,"cluster8"
"GO:0008360","regulation of cell shape",16,6,1.05,"0.00034",5.71428571428571,"cluster8"
"GO:0007163","establishment or maintenance of cell polarity",40,10,2.62,"0.00037",3.81679389312977,"cluster8"
"GO:0000724","double-strand break repair via homologous recombination",12,4,0.79,"0.00582",5.06329113924051,"cluster8"
"GO:0006486","protein glycosylation",25,4,1.64,"0.00797",2.4390243902439,"cluster8"
"GO:0007015","actin filament organization",142,17,9.29,"0.00899",1.82992465016146,"cluster8"
"GO:0042773","ATP synthesis coupled electron transport",25,5,1.64,"0.01207",3.04878048780488,"cluster8"
"GO:0006397","mRNA processing",102,11,6.68,"0.01438",1.64670658682635,"cluster8"
"GO:0006970","response to osmotic stress",99,10,6.48,"0.01706",1.54320987654321,"cluster8"
"GO:0032956","regulation of actin cytoskeleton organization",91,10,5.96,"0.02590",1.67785234899329,"cluster8"
"GO:0000209","protein polyubiquitination",18,4,1.18,"0.02640",3.38983050847458,"cluster8"
"GO:0030041","actin filament polymerization",76,8,4.97,"0.03279",1.60965794768612,"cluster8"
"GO:0007062","sister chromatid cohesion",10,3,0.65,"0.03717",4.61538461538461,"cluster8"
"GO:0005980","glycogen catabolic process",5,2,0.33,"0.03738",6.06060606060606,"cluster8"
"GO:0097696","receptor signaling pathway via STAT",5,2,0.33,"0.03738",6.06060606060606,"cluster8"
"GO:0016601","Rac protein signal transduction",5,2,0.33,"0.03738",6.06060606060606,"cluster8"
"GO:0008380","RNA splicing",87,8,5.69,"0.04844",1.40597539543058,"cluster8"
"GO:0030154","cell differentiation",62,8,4.06,"0.05046",1.97044334975369,"cluster8"
"GO:0005977","glycogen metabolic process",11,4,0.72,"0.05295",5.55555555555556,"cluster8"
"GO:0098742","cell-cell adhesion via plasma-membrane adhesion molecules",13,3,0.85,"0.05345",3.52941176470588,"cluster8"
"GO:0099116","tRNA 5'-end processing",6,2,0.39,"0.05369",5.12820512820513,"cluster8"
"GO:0044089","positive regulation of cellular component biogenesis",22,4,1.44,"0.06497",2.77777777777778,"cluster8"
"GO:0045893","positive regulation of DNA-templated transcription",35,6,2.29,"0.06887",2.62008733624454,"cluster8"
"GO:0010507","negative regulation of autophagy",7,2,0.46,"0.07198",4.34782608695652,"cluster8"
"GO:0019954","asexual reproduction",54,6,3.53,"0.07513",1.69971671388102,"cluster8"
"GO:1902600","proton transmembrane transport",46,6,3.01,"0.07673",1.99335548172757,"cluster8"
"GO:0007264","small GTPase mediated signal transduction",88,11,5.76,"0.08696",1.90972222222222,"cluster8"
"GO:0006120","mitochondrial electron transport, NADH to ubiquinone",8,2,0.52,"0.09194",3.84615384615385,"cluster8"
"GO:0032259","methylation",59,7,3.86,"0.09812",1.81347150259067,"cluster8"
"GO:0072657","protein localization to membrane",55,6,3.6,"0.11239",1.66666666666667,"cluster8"
"GO:0051897","positive regulation of phosphatidylinositol 3-kinase/protein kinase B signal transduction",9,2,0.59,"0.11326",3.38983050847458,"cluster8"
"GO:0033540","fatty acid beta-oxidation using acyl-CoA oxidase",9,2,0.59,"0.11326",3.38983050847458,"cluster8"
"GO:0051130","positive regulation of cellular component organization",41,5,2.68,"0.12582",1.86567164179104,"cluster8"
"GO:0046683","response to organophosphorus",17,3,1.11,"0.12607",2.7027027027027,"cluster8"
"GO:0040011","locomotion",147,11,9.62,"0.12634",1.14345114345114,"cluster8"
"GO:0032465","regulation of cytokinesis",10,2,0.65,"0.13569",3.07692307692308,"cluster8"
"GO:0030488","tRNA methylation",10,2,0.65,"0.13569",3.07692307692308,"cluster8"
"GO:0046854","phosphatidylinositol phosphate biosynthetic process",10,2,0.65,"0.13569",3.07692307692308,"cluster8"
"GO:0045944","positive regulation of transcription by RNA polymerase II",20,3,1.31,"0.13881",2.29007633587786,"cluster8"
"GO:0031152","aggregation involved in sorocarp development",104,10,6.81,"0.13988",1.46842878120411,"cluster8"
"GO:0000281","mitotic cytokinesis",89,9,5.82,"0.14136",1.54639175257732,"cluster8"
"GO:0006357","regulation of transcription by RNA polymerase II",89,10,5.82,"0.15784",1.71821305841924,"cluster8"
"GO:0007265","Ras protein signal transduction",46,5,3.01,"0.15816",1.66112956810631,"cluster8"
"GO:0030010","establishment of cell polarity",11,2,0.72,"0.15899",2.77777777777778,"cluster8"
"GO:0007165","signal transduction",311,31,20.35,"0.17121",1.52334152334152,"cluster8"
"GO:0043933","protein-containing complex organization",413,36,27.03,"0.17663",1.33185349611543,"cluster8"
"GO:0006325","chromatin organization",149,14,9.75,"0.17886",1.43589743589744,"cluster8"
"GO:0140352","export from cell",60,6,3.93,"0.18283",1.52671755725191,"cluster8"
"GO:0043491","phosphatidylinositol 3-kinase/protein kinase B signal transduction",16,3,1.05,"0.18293",2.85714285714286,"cluster8"
"GO:0072659","protein localization to plasma membrane",12,2,0.79,"0.18296",2.53164556962025,"cluster8"
"GO:0043408","regulation of MAPK cascade",12,2,0.79,"0.18296",2.53164556962025,"cluster8"
"GO:1902905","positive regulation of supramolecular fiber organization",20,3,1.31,"0.18314",2.29007633587786,"cluster8"
"GO:0030835","negative regulation of actin filament depolymerization",12,2,0.79,"0.18351",2.53164556962025,"cluster8"
"GO:0034504","protein localization to nucleus",34,3,2.23,"0.18385",1.34529147982063,"cluster8"
"GO:0006338","chromatin remodeling",137,12,8.97,"0.20066",1.33779264214047,"cluster8"
"GO:0051252","regulation of RNA metabolic process",149,16,9.75,"0.23174",1.64102564102564,"cluster8"
"GO:0006997","nucleus organization",14,2,0.92,"0.23215",2.17391304347826,"cluster8"
"GO:0031323","regulation of cellular metabolic process",296,24,19.37,"0.23319",1.23902942694889,"cluster8"
"GO:0043254","regulation of protein-containing complex assembly",63,6,4.12,"0.23617",1.45631067961165,"cluster8"
"GO:0031334","positive regulation of protein-containing complex assembly",21,3,1.37,"0.23643",2.18978102189781,"cluster8"
"GO:0009225","nucleotide-sugar metabolic process",14,2,0.92,"0.23696",2.17391304347826,"cluster8"
"GO:0042981","regulation of apoptotic process",15,2,0.98,"0.23702",2.04081632653061,"cluster8"
"GO:0031149","sorocarp stalk cell differentiation",26,3,1.7,"0.24000",1.76470588235294,"cluster8"
"GO:0051591","response to cAMP",15,2,0.98,"0.25707",2.04081632653061,"cluster8"
"GO:0065003","protein-containing complex assembly",257,22,16.82,"0.26631",1.30796670630202,"cluster8"
"GO:0036211","protein modification process",151,17,9.88,"0.27049",1.72064777327935,"cluster8"
"GO:1903047","mitotic cell cycle process",126,14,8.25,"0.28133",1.6969696969697,"cluster8"
"GO:0043520","regulation of myosin II filament assembly",16,2,1.05,"0.28203",1.9047619047619,"cluster8"
"GO:0051259","protein complex oligomerization",16,2,1.05,"0.28203",1.9047619047619,"cluster8"
"GO:0051128","regulation of cellular component organization",159,14,10.41,"0.28382",1.34486071085495,"cluster8"
"GO:0042594","response to starvation",128,11,8.38,"0.28499",1.3126491646778,"cluster8"
"GO:0014074","response to purine-containing compound",20,3,1.31,"0.28612",2.29007633587786,"cluster8"
"GO:0016073","snRNA metabolic process",13,2,0.85,"0.28673",2.35294117647059,"cluster8"
"GO:0042127","regulation of cell population proliferation",17,2,1.11,"0.28702",1.8018018018018,"cluster8"
"GO:0015868","purine ribonucleotide transport",5,1,0.33,"0.28727",3.03030303030303,"cluster8"
"GO:0061122","positive regulation of positive chemotaxis to cAMP",5,1,0.33,"0.28727",3.03030303030303,"cluster8"
"GO:0101030","tRNA-guanine transglycosylation",5,1,0.33,"0.28727",3.03030303030303,"cluster8"
"GO:0006012","galactose metabolic process",5,1,0.33,"0.28727",3.03030303030303,"cluster8"
"GO:0071051","polyadenylation-dependent snoRNA 3'-end processing",5,1,0.33,"0.28727",3.03030303030303,"cluster8"
"GO:0040008","regulation of growth",5,1,0.33,"0.28727",3.03030303030303,"cluster8"
"GO:0018344","protein geranylgeranylation",5,1,0.33,"0.28727",3.03030303030303,"cluster8"
"GO:0006607","NLS-bearing protein import into nucleus",5,1,0.33,"0.28727",3.03030303030303,"cluster8"
"GO:0009162","deoxyribonucleoside monophosphate metabolic process",5,1,0.33,"0.28727",3.03030303030303,"cluster8"
"GO:0006488","dolichol-linked oligosaccharide biosynthetic process",5,1,0.33,"0.28727",3.03030303030303,"cluster8"
"GO:0032012","regulation of ARF protein signal transduction",5,1,0.33,"0.28727",3.03030303030303,"cluster8"
"GO:0042886","amide transport",5,1,0.33,"0.28727",3.03030303030303,"cluster8"
"GO:0000266","mitochondrial fission",5,1,0.33,"0.28727",3.03030303030303,"cluster8"
"GO:0071476","cellular hypotonic response",5,1,0.33,"0.28727",3.03030303030303,"cluster8"
"GO:0061952","midbody abscission",5,1,0.33,"0.28727",3.03030303030303,"cluster8"
"GO:0051131","chaperone-mediated protein complex assembly",5,1,0.33,"0.28727",3.03030303030303,"cluster8"
"GO:0099022","vesicle tethering",5,1,0.33,"0.28727",3.03030303030303,"cluster8"
"GO:0000082","G1/S transition of mitotic cell cycle",5,1,0.33,"0.28727",3.03030303030303,"cluster8"
"GO:0006116","NADH oxidation",5,1,0.33,"0.28727",3.03030303030303,"cluster8"
"GO:0000012","single strand break repair",5,1,0.33,"0.28727",3.03030303030303,"cluster8"
"GO:0009221","pyrimidine deoxyribonucleotide biosynthetic process",5,1,0.33,"0.28727",3.03030303030303,"cluster8"
"GO:0009211","pyrimidine deoxyribonucleoside triphosphate metabolic process",5,1,0.33,"0.28727",3.03030303030303,"cluster8"
"GO:0000002","mitochondrial genome maintenance",5,1,0.33,"0.28727",3.03030303030303,"cluster8"
"GO:0032787","monocarboxylic acid metabolic process",129,43,31.72,"9.9e-05",1.35561160151324,"cluster9"
"GO:0006457","protein folding",79,33,19.42,"0.00014",1.69927909371782,"cluster9"
"GO:0051764","actin crosslink formation",5,5,1.23,"0.00089",4.0650406504065,"cluster9"
"GO:0048278","vesicle docking",14,9,3.44,"0.00186",2.61627906976744,"cluster9"
"GO:0009617","response to bacterium",107,38,26.31,"0.00206",1.44431774990498,"cluster9"
"GO:1902600","proton transmembrane transport",46,20,11.31,"0.00365",1.7683465959328,"cluster9"
"GO:0006552","leucine catabolic process",6,5,1.48,"0.00425",3.37837837837838,"cluster9"
"GO:0061951","establishment of protein localization to plasma membrane",6,5,1.48,"0.00425",3.37837837837838,"cluster9"
"GO:0006536","glutamate metabolic process",13,8,3.2,"0.00498",2.5,"cluster9"
"GO:0009066","aspartate family amino acid metabolic process",11,7,2.7,"0.00677",2.59259259259259,"cluster9"
"GO:0006098","pentose-phosphate shunt",7,5,1.72,"0.01187",2.90697674418605,"cluster9"
"GO:0006085","acetyl-CoA biosynthetic process",7,5,1.72,"0.01187",2.90697674418605,"cluster9"
"GO:0009063","amino acid catabolic process",53,27,13.03,"0.01197",2.07214121258634,"cluster9"
"GO:0036503","ERAD pathway",20,10,4.92,"0.01207",2.03252032520325,"cluster9"
"GO:0043605","amide catabolic process",12,7,2.95,"0.01283",2.3728813559322,"cluster9"
"GO:0051707","response to other organism",112,42,27.54,"0.01416",1.52505446623094,"cluster9"
"GO:0070189","kynurenine metabolic process",5,4,1.23,"0.01461",3.2520325203252,"cluster9"
"GO:0046394","carboxylic acid biosynthetic process",76,23,18.69,"0.01471",1.23060460139112,"cluster9"
"GO:0042176","regulation of protein catabolic process",12,7,2.95,"0.01473",2.3728813559322,"cluster9"
"GO:0006888","endoplasmic reticulum to Golgi vesicle-mediated transport",39,17,9.59,"0.01809",1.77267987486966,"cluster9"
"GO:0030587","sorocarp development",302,83,74.25,"0.02300",1.11784511784512,"cluster9"
"GO:0006790","sulfur compound metabolic process",58,25,14.26,"0.02430",1.7531556802244,"cluster9"
"GO:0006084","acetyl-CoA metabolic process",15,10,3.69,"0.02487",2.710027100271,"cluster9"
"GO:0046956","positive phototaxis",8,5,1.97,"0.02529",2.53807106598985,"cluster9"
"GO:0043327","chemotaxis to cAMP",85,27,20.9,"0.03160",1.29186602870813,"cluster9"
"GO:1901606","alpha-amino acid catabolic process",44,24,10.82,"0.03374",2.2181146025878,"cluster9"
"GO:0031157","regulation of aggregate size involved in sorocarp development",14,7,3.44,"0.03483",2.03488372093023,"cluster9"
"GO:0031047","regulatory ncRNA-mediated gene silencing",16,8,3.93,"0.03510",2.03562340966921,"cluster9"
"GO:0006893","Golgi to plasma membrane transport",6,4,1.48,"0.03533",2.7027027027027,"cluster9"
"GO:0006301","postreplication repair",6,4,1.48,"0.03533",2.7027027027027,"cluster9"
"GO:0042182","ketone catabolic process",6,4,1.48,"0.03533",2.7027027027027,"cluster9"
"GO:0006040","amino sugar metabolic process",6,4,1.48,"0.03533",2.7027027027027,"cluster9"
"GO:0006911","phagocytosis, engulfment",20,9,4.92,"0.03660",1.82926829268293,"cluster9"
"GO:0006793","phosphorus metabolic process",239,67,58.76,"0.04428",1.14023144996596,"cluster9"
"GO:0031153","slug development involved in sorocarp development",9,5,2.21,"0.04556",2.26244343891403,"cluster9"
"GO:0006099","tricarboxylic acid cycle",27,11,6.64,"0.04666",1.6566265060241,"cluster9"
"GO:0006091","generation of precursor metabolites and energy",110,39,27.05,"0.04675",1.44177449168207,"cluster9"
"GO:0044271","cellular nitrogen compound biosynthetic process",591,152,145.31,"0.04746",1.04603950175487,"cluster9"
"GO:0071705","nitrogen compound transport",302,78,74.25,"0.04807",1.05050505050505,"cluster9"
"GO:0045047","protein targeting to ER",17,7,4.18,"0.04826",1.67464114832536,"cluster9"
"GO:0031647","regulation of protein stability",10,5,2.46,"0.04830",2.03252032520325,"cluster9"
"GO:0031269","pseudopodium assembly",15,7,3.69,"0.05181",1.8970189701897,"cluster9"
"GO:0010605","negative regulation of macromolecule metabolic process",101,34,24.83,"0.05926",1.3693113169553,"cluster9"
"GO:0031038","myosin II filament organization",25,11,6.15,"0.05991",1.78861788617886,"cluster9"
"GO:0045806","negative regulation of endocytosis",14,7,3.44,"0.06010",2.03488372093023,"cluster9"
"GO:0046034","ATP metabolic process",12,6,2.95,"0.06017",2.03389830508475,"cluster9"
"GO:0005996","monosaccharide metabolic process",34,11,8.36,"0.06023",1.31578947368421,"cluster9"
"GO:0000819","sister chromatid segregation",15,5,3.69,"0.06043",1.3550135501355,"cluster9"
"GO:0045934","negative regulation of nucleobase-containing compound metabolic process",20,6,4.92,"0.06046",1.21951219512195,"cluster9"
"GO:0071214","cellular response to abiotic stimulus",10,3,2.46,"0.06054",1.21951219512195,"cluster9"
"GO:0006971","hypotonic response",45,16,11.06,"0.06495",1.44665461121157,"cluster9"
"GO:0099024","plasma membrane invagination",27,13,6.64,"0.06553",1.9578313253012,"cluster9"
"GO:0080135","regulation of cellular response to stress",29,13,7.13,"0.06566",1.82328190743338,"cluster9"
"GO:0051495","positive regulation of cytoskeleton organization",24,10,5.9,"0.06613",1.69491525423729,"cluster9"
"GO:0006090","pyruvate metabolic process",25,10,6.15,"0.06619",1.6260162601626,"cluster9"
"GO:0006559","L-phenylalanine catabolic process",7,4,1.72,"0.06661",2.32558139534884,"cluster9"
"GO:0006541","glutamine metabolic process",7,4,1.72,"0.06661",2.32558139534884,"cluster9"
"GO:0009435","NAD biosynthetic process",7,4,1.72,"0.06661",2.32558139534884,"cluster9"
"GO:0010507","negative regulation of autophagy",7,4,1.72,"0.06661",2.32558139534884,"cluster9"
"GO:0007131","reciprocal meiotic recombination",7,4,1.72,"0.06661",2.32558139534884,"cluster9"
"GO:0019954","asexual reproduction",54,17,13.28,"0.06682",1.28012048192771,"cluster9"
"GO:0050766","positive regulation of phagocytosis",10,5,2.46,"0.07310",2.03252032520325,"cluster9"
"GO:0006563","L-serine metabolic process",10,5,2.46,"0.07310",2.03252032520325,"cluster9"
"GO:0043520","regulation of myosin II filament assembly",16,7,3.93,"0.07317",1.78117048346056,"cluster9"
"GO:0006891","intra-Golgi vesicle-mediated transport",13,6,3.2,"0.07441",1.875,"cluster9"
"GO:0016579","protein deubiquitination",13,6,3.2,"0.07441",1.875,"cluster9"
"GO:0006886","intracellular protein transport",184,52,45.24,"0.08225",1.14942528735632,"cluster9"
"GO:0046907","intracellular transport",286,82,70.32,"0.09579",1.16609783845279,"cluster9"
"GO:0006508","proteolysis",224,69,55.08,"0.09727",1.25272331154684,"cluster9"
"GO:0006402","mRNA catabolic process",40,15,9.83,"0.09801",1.52594099694812,"cluster9"
"GO:0009266","response to temperature stimulus",21,9,5.16,"0.09843",1.74418604651163,"cluster9"
"GO:0006006","glucose metabolic process",15,6,3.69,"0.09889",1.6260162601626,"cluster9"
"GO:0019856","pyrimidine nucleobase biosynthetic process",5,3,1.23,"0.09906",2.4390243902439,"cluster9"
"GO:0038202","TORC1 signaling",5,3,1.23,"0.09906",2.4390243902439,"cluster9"
"GO:0090110","COPII-coated vesicle cargo loading",5,3,1.23,"0.09906",2.4390243902439,"cluster9"
"GO:0098661","inorganic anion transmembrane transport",5,3,1.23,"0.09906",2.4390243902439,"cluster9"
"GO:0031118","rRNA pseudouridine synthesis",5,3,1.23,"0.09906",2.4390243902439,"cluster9"
"GO:0051645","Golgi localization",5,3,1.23,"0.09906",2.4390243902439,"cluster9"
"GO:0008037","cell recognition",5,3,1.23,"0.09906",2.4390243902439,"cluster9"
"GO:0006465","signal peptide processing",5,3,1.23,"0.09906",2.4390243902439,"cluster9"
"GO:0006595","polyamine metabolic process",5,3,1.23,"0.09906",2.4390243902439,"cluster9"
"GO:0006569","tryptophan catabolic process",5,3,1.23,"0.09906",2.4390243902439,"cluster9"
"GO:0006572","tyrosine catabolic process",5,3,1.23,"0.09906",2.4390243902439,"cluster9"
"GO:0006526","arginine biosynthetic process",5,3,1.23,"0.09906",2.4390243902439,"cluster9"
"GO:0032527","protein exit from endoplasmic reticulum",5,3,1.23,"0.09906",2.4390243902439,"cluster9"
"GO:0015868","purine ribonucleotide transport",5,3,1.23,"0.09906",2.4390243902439,"cluster9"
"GO:0006108","malate metabolic process",5,3,1.23,"0.09906",2.4390243902439,"cluster9"
"GO:0000731","DNA synthesis involved in DNA repair",5,3,1.23,"0.09906",2.4390243902439,"cluster9"
"GO:0072718","response to cisplatin",5,3,1.23,"0.09906",2.4390243902439,"cluster9"
"GO:1902410","mitotic cytokinetic process",10,4,2.46,"0.09913",1.6260162601626,"cluster9"
"GO:0015711","organic anion transport",20,6,4.92,"0.09927",1.21951219512195,"cluster9"
"GO:0042127","regulation of cell population proliferation",17,5,4.18,"0.09935",1.19617224880383,"cluster9"
"GO:0042026","protein refolding",14,6,3.44,"0.10409",1.74418604651163,"cluster9"
"GO:0007052","mitotic spindle organization",14,6,3.44,"0.10409",1.74418604651163,"cluster9"
"GO:0007030","Golgi organization",14,6,3.44,"0.10409",1.74418604651163,"cluster9"
"GO:0016197","endosomal transport",43,13,10.57,"0.10777",1.22989593188269,"cluster9"
"GO:0110094","polyphosphate-mediated signaling",8,4,1.97,"0.10793",2.03045685279188,"cluster9"
"GO:0009311","oligosaccharide metabolic process",8,4,1.97,"0.10793",2.03045685279188,"cluster9"
"GO:0006120","mitochondrial electron transport, NADH to ubiquinone",8,4,1.97,"0.10793",2.03045685279188,"cluster9"
"GO:0120320","lateral pseudopodium retraction",8,4,1.97,"0.10793",2.03045685279188,"cluster9"
