"GO.ID","Term","Annotated","Significant","Expected","Fis","Enrichment","cluster"
"GO:0034388","Pwp2p-containing subcomplex of 90S preribosome",5,3,0.53,"0.010",5.66037735849057,"cluster1"
"GO:0034045","phagophore assembly site membrane",9,4,0.95,"0.010",4.21052631578947,"cluster1"
"GO:0005840","ribosome",133,16,14.09,"0.076",1.13555713271824,"cluster1"
"GO:0005615","extracellular space",29,6,3.07,"0.079",1.95439739413681,"cluster1"
"GO:0005741","mitochondrial outer membrane",17,5,1.8,"0.089",2.77777777777778,"cluster1"
"GO:0031209","SCAR complex",5,2,0.53,"0.090",3.77358490566038,"cluster1"
"GO:0032865","ERMES complex",5,2,0.53,"0.090",3.77358490566038,"cluster1"
"GO:0005886","plasma membrane",306,35,32.42,"0.096",1.07958050586058,"cluster1"
"GO:1904269","cell leading edge cell cortex",6,2,0.64,"0.126",3.125,"cluster1"
"GO:0043190","ATP-binding cassette (ABC) transporter complex",6,2,0.64,"0.126",3.125,"cluster1"
"GO:0031414","N-terminal protein acetyltransferase complex",6,2,0.64,"0.126",3.125,"cluster1"
"GO:0044354","macropinosome",19,4,2.01,"0.134",1.99004975124378,"cluster1"
"GO:0030688","preribosome, small subunit precursor",7,2,0.74,"0.165",2.7027027027027,"cluster1"
"GO:0030427","site of polarized growth",7,2,0.74,"0.165",2.7027027027027,"cluster1"
"GO:0030863","cortical cytoskeleton",56,6,5.93,"0.165",1.01180438448567,"cluster1"
"GO:0070685","macropinocytic cup",22,4,2.33,"0.179",1.71673819742489,"cluster1"
"GO:0031966","mitochondrial membrane",129,20,13.67,"0.200",1.46305779078274,"cluster1"
"GO:0000776","kinetochore",8,2,0.85,"0.205",2.35294117647059,"cluster1"
"GO:0055037","recycling endosome",15,3,1.59,"0.207",1.88679245283019,"cluster1"
"GO:0005802","trans-Golgi network",15,3,1.59,"0.207",1.88679245283019,"cluster1"
"GO:0005730","nucleolus",155,22,16.42,"0.226",1.33982947624848,"cluster1"
"GO:0032040","small-subunit processome",39,6,4.13,"0.227",1.45278450363196,"cluster1"
"GO:0005911","cell-cell junction",24,4,2.54,"0.245",1.5748031496063,"cluster1"
"GO:0030687","preribosome, large subunit precursor",17,3,1.8,"0.266",1.66666666666667,"cluster1"
"GO:0031968","organelle outer membrane",20,6,2.12,"0.283",2.83018867924528,"cluster1"
"GO:0070603","SWI/SNF superfamily-type complex",10,2,1.06,"0.287",1.88679245283019,"cluster1"
"GO:0005763","mitochondrial small ribosomal subunit",10,2,1.06,"0.287",1.88679245283019,"cluster1"
"GO:0005743","mitochondrial inner membrane",105,13,11.13,"0.318",1.16801437556155,"cluster1"
"GO:0032433","filopodium tip",11,2,1.17,"0.328",1.70940170940171,"cluster1"
"GO:0000139","Golgi membrane",46,6,4.87,"0.360",1.23203285420945,"cluster1"
"GO:0015935","small ribosomal subunit",42,6,4.45,"0.360",1.34831460674157,"cluster1"
"GO:0016604","nuclear body",11,2,1.17,"0.361",1.70940170940171,"cluster1"
"GO:0005778","peroxisomal membrane",12,2,1.27,"0.368",1.5748031496063,"cluster1"
"GO:0005793","endoplasmic reticulum-Golgi intermediate compartment",12,2,1.27,"0.368",1.5748031496063,"cluster1"
"GO:0030027","lamellipodium",27,4,2.86,"0.387",1.3986013986014,"cluster1"
"GO:0005819","spindle",22,3,2.33,"0.408",1.28755364806867,"cluster1"
"GO:0005851","eukaryotic translation initiation factor 2B complex",5,1,0.53,"0.429",1.88679245283019,"cluster1"
"GO:0005663","DNA replication factor C complex",5,1,0.53,"0.429",1.88679245283019,"cluster1"
"GO:0005871","kinesin complex",5,1,0.53,"0.429",1.88679245283019,"cluster1"
"GO:0001401","SAM complex",5,1,0.53,"0.429",1.88679245283019,"cluster1"
"GO:0070847","core mediator complex",5,1,0.53,"0.429",1.88679245283019,"cluster1"
"GO:0071203","WASH complex",5,1,0.53,"0.429",1.88679245283019,"cluster1"
"GO:0000815","ESCRT III complex",5,1,0.53,"0.429",1.88679245283019,"cluster1"
"GO:0005776","autophagosome",14,2,1.48,"0.446",1.35135135135135,"cluster1"
"GO:0022625","cytosolic large ribosomal subunit",42,5,4.45,"0.464",1.12359550561798,"cluster1"
"GO:0090575","RNA polymerase II transcription regulator complex",18,3,1.91,"0.489",1.57068062827225,"cluster1"
"GO:0062201","actin wave",6,1,0.64,"0.490",1.5625,"cluster1"
"GO:0061851","leading edge of lamellipodium",6,1,0.64,"0.490",1.5625,"cluster1"
"GO:0034399","nuclear periphery",6,1,0.64,"0.490",1.5625,"cluster1"
"GO:0005782","peroxisomal matrix",6,1,0.64,"0.490",1.5625,"cluster1"
"GO:0031080","nuclear pore outer ring",6,1,0.64,"0.490",1.5625,"cluster1"
"GO:0000124","SAGA complex",6,1,0.64,"0.490",1.5625,"cluster1"
"GO:0033588","elongator holoenzyme complex",6,1,0.64,"0.490",1.5625,"cluster1"
"GO:1905742","Ras guanyl-nucleotide exchange factor complex",6,1,0.64,"0.490",1.5625,"cluster1"
"GO:0031932","TORC2 complex",6,1,0.64,"0.490",1.5625,"cluster1"
"GO:0031143","pseudopodium",44,5,4.66,"0.506",1.07296137339056,"cluster1"
"GO:0031252","cell leading edge",91,12,9.64,"0.511",1.2448132780083,"cluster1"
"GO:0005874","microtubule",35,4,3.71,"0.517",1.07816711590296,"cluster1"
"GO:1902911","protein kinase complex",16,2,1.7,"0.518",1.17647058823529,"cluster1"
"GO:0030867","rough endoplasmic reticulum membrane",7,1,0.74,"0.544",1.35135135135135,"cluster1"
"GO:0005771","multivesicular body",7,1,0.74,"0.544",1.35135135135135,"cluster1"
"GO:0030141","secretory granule",7,1,0.74,"0.544",1.35135135135135,"cluster1"
"GO:0005669","transcription factor TFIID complex",7,1,0.74,"0.544",1.35135135135135,"cluster1"
"GO:0043601","nuclear replisome",7,1,0.74,"0.544",1.35135135135135,"cluster1"
"GO:0005682","U5 snRNP",7,1,0.74,"0.544",1.35135135135135,"cluster1"
"GO:0016471","vacuolar proton-transporting V-type ATPase complex",7,1,0.74,"0.544",1.35135135135135,"cluster1"
"GO:0001726","ruffle",7,1,0.74,"0.544",1.35135135135135,"cluster1"
"GO:0030015","CCR4-NOT core complex",7,1,0.74,"0.544",1.35135135135135,"cluster1"
"GO:0016607","nuclear speck",7,1,0.74,"0.544",1.35135135135135,"cluster1"
"GO:0061474","phagolysosome membrane",7,1,0.74,"0.544",1.35135135135135,"cluster1"
"GO:0045259","proton-transporting ATP synthase complex",7,1,0.74,"0.544",1.35135135135135,"cluster1"
"GO:0030897","HOPS complex",7,1,0.74,"0.544",1.35135135135135,"cluster1"
"GO:0030008","TRAPP complex",7,1,0.74,"0.544",1.35135135135135,"cluster1"
"GO:0030286","dynein complex",7,1,0.74,"0.544",1.35135135135135,"cluster1"
"GO:0030175","filopodium",28,4,2.97,"0.550",1.34680134680135,"cluster1"
"GO:0022627","cytosolic small ribosomal subunit",28,3,2.97,"0.582",1.01010101010101,"cluster1"
"GO:0042575","DNA polymerase complex",8,1,0.85,"0.592",1.17647058823529,"cluster1"
"GO:0070687","macropinocytic cup cytoskeleton",8,1,0.85,"0.592",1.17647058823529,"cluster1"
"GO:0005938","cell cortex",141,15,14.94,"0.594",1.00401606425703,"cluster1"
"GO:0005777","peroxisome",46,5,4.87,"0.607",1.02669404517454,"cluster1"
"GO:0030127","COPII vesicle coat",9,1,0.95,"0.636",1.05263157894737,"cluster1"
"GO:0000922","spindle pole",9,1,0.95,"0.636",1.05263157894737,"cluster1"
"GO:0022625","cytosolic large ribosomal subunit",42,22,5.17,"2.9e-10",4.25531914893617,"cluster2"
"GO:0031012","extracellular matrix",143,35,17.61,"3.2e-05",1.98750709823964,"cluster2"
"GO:0005829","cytosol",530,105,65.28,"0.0020",1.60845588235294,"cluster2"
"GO:0045335","phagocytic vesicle",313,59,38.55,"0.0024",1.53047989623865,"cluster2"
"GO:0000151","ubiquitin ligase complex",37,10,4.56,"0.0038",2.19298245614035,"cluster2"
"GO:0022627","cytosolic small ribosomal subunit",28,9,3.45,"0.0048",2.60869565217391,"cluster2"
"GO:0019774","proteasome core complex, beta-subunit complex",7,4,0.86,"0.0059",4.65116279069767,"cluster2"
"GO:0030670","phagocytic vesicle membrane",27,8,3.33,"0.0075",2.4024024024024,"cluster2"
"GO:0005762","mitochondrial large ribosomal subunit",22,7,2.71,"0.0133",2.5830258302583,"cluster2"
"GO:0098590","plasma membrane region",39,8,4.8,"0.0150",1.66666666666667,"cluster2"
"GO:0031985","Golgi cisterna",7,3,0.86,"0.0151",3.48837209302326,"cluster2"
"GO:0140220","pathogen-containing vacuole",56,13,6.9,"0.0161",1.88405797101449,"cluster2"
"GO:0072686","mitotic spindle",9,4,1.11,"0.0172",3.6036036036036,"cluster2"
"GO:0031902","late endosome membrane",14,5,1.72,"0.0215",2.90697674418605,"cluster2"
"GO:0005840","ribosome",133,49,16.38,"0.0331",2.99145299145299,"cluster2"
"GO:0031201","SNARE complex",26,7,3.2,"0.0333",2.1875,"cluster2"
"GO:0005834","heterotrimeric G-protein complex",11,4,1.35,"0.0369",2.96296296296296,"cluster2"
"GO:0001726","ruffle",7,3,0.86,"0.0444",3.48837209302326,"cluster2"
"GO:0030008","TRAPP complex",7,3,0.86,"0.0444",3.48837209302326,"cluster2"
"GO:0045271","respiratory chain complex I",22,6,2.71,"0.0449",2.2140221402214,"cluster2"
"GO:0005811","lipid droplet",71,14,8.74,"0.0478",1.60183066361556,"cluster2"
"GO:1990904","ribonucleoprotein complex",300,65,36.95,"0.0689",1.75913396481732,"cluster2"
"GO:0030658","transport vesicle membrane",25,6,3.08,"0.0762",1.94805194805195,"cluster2"
"GO:0031982","vesicle",507,81,62.44,"0.0793",1.29724535554132,"cluster2"
"GO:0000331","contractile vacuole",42,10,5.17,"0.0882",1.93423597678917,"cluster2"
"GO:0030027","lamellipodium",27,6,3.33,"0.1063",1.8018018018018,"cluster2"
"GO:0005763","mitochondrial small ribosomal subunit",10,3,1.23,"0.1152",2.4390243902439,"cluster2"
"GO:0042175","nuclear outer membrane-endoplasmic reticulum membrane network",120,19,14.78,"0.1162",1.28552097428958,"cluster2"
"GO:0005868","cytoplasmic dynein complex",5,2,0.62,"0.1175",3.2258064516129,"cluster2"
"GO:0005826","actomyosin contractile ring",5,2,0.62,"0.1175",3.2258064516129,"cluster2"
"GO:0005744","TIM23 mitochondrial import inner membrane translocase complex",5,2,0.62,"0.1175",3.2258064516129,"cluster2"
"GO:0005663","DNA replication factor C complex",5,2,0.62,"0.1175",3.2258064516129,"cluster2"
"GO:0098827","endoplasmic reticulum subcompartment",116,18,14.29,"0.1223",1.25962211336599,"cluster2"
"GO:0030665","clathrin-coated vesicle membrane",12,2,1.48,"0.1233",1.35135135135135,"cluster2"
"GO:0031164","contractile vacuolar membrane",22,5,2.71,"0.1247",1.8450184501845,"cluster2"
"GO:0032154","cleavage furrow",17,4,2.09,"0.1478",1.91387559808612,"cluster2"
"GO:0005876","spindle microtubule",6,2,0.74,"0.1624",2.7027027027027,"cluster2"
"GO:0005786","signal recognition particle, endoplasmic reticulum targeting",6,2,0.74,"0.1624",2.7027027027027,"cluster2"
"GO:0062201","actin wave",6,2,0.74,"0.1624",2.7027027027027,"cluster2"
"GO:0045239","tricarboxylic acid cycle enzyme complex",6,2,0.74,"0.1624",2.7027027027027,"cluster2"
"GO:0034399","nuclear periphery",6,2,0.74,"0.1624",2.7027027027027,"cluster2"
"GO:0033588","elongator holoenzyme complex",6,2,0.74,"0.1624",2.7027027027027,"cluster2"
"GO:0010494","cytoplasmic stress granule",6,2,0.74,"0.1624",2.7027027027027,"cluster2"
"GO:0031414","N-terminal protein acetyltransferase complex",6,2,0.74,"0.1624",2.7027027027027,"cluster2"
"GO:0005730","nucleolus",155,24,19.09,"0.1626",1.25720272393924,"cluster2"
"GO:0005634","nucleus",863,109,106.29,"0.1751",1.025496283752,"cluster2"
"GO:0015629","actin cytoskeleton",115,21,14.16,"0.1906",1.48305084745763,"cluster2"
"GO:0001891","phagocytic cup",39,8,4.8,"0.1920",1.66666666666667,"cluster2"
"GO:0032040","small-subunit processome",39,7,4.8,"0.1971",1.45833333333333,"cluster2"
"GO:0044354","macropinosome",19,4,2.34,"0.1988",1.70940170940171,"cluster2"
"GO:0016459","myosin complex",13,3,1.6,"0.2092",1.875,"cluster2"
"GO:0097203","phagocytic cup lip",7,2,0.86,"0.2096",2.32558139534884,"cluster2"
"GO:0005885","Arp2/3 protein complex",7,2,0.86,"0.2096",2.32558139534884,"cluster2"
"GO:0000786","nucleosome",7,2,0.86,"0.2096",2.32558139534884,"cluster2"
"GO:0030427","site of polarized growth",7,2,0.86,"0.2096",2.32558139534884,"cluster2"
"GO:0044613","nuclear pore central transport channel",7,2,0.86,"0.2096",2.32558139534884,"cluster2"
"GO:0019773","proteasome core complex, alpha-subunit complex",7,2,0.86,"0.2096",2.32558139534884,"cluster2"
"GO:0080008","Cul4-RING E3 ubiquitin ligase complex",7,2,0.86,"0.2096",2.32558139534884,"cluster2"
"GO:0016471","vacuolar proton-transporting V-type ATPase complex",7,2,0.86,"0.2096",2.32558139534884,"cluster2"
"GO:0005682","U5 snRNP",7,2,0.86,"0.2096",2.32558139534884,"cluster2"
"GO:0005687","U4 snRNP",7,2,0.86,"0.2096",2.32558139534884,"cluster2"
"GO:0012507","ER to Golgi transport vesicle membrane",16,3,1.97,"0.2097",1.52284263959391,"cluster2"
"GO:0005737","cytoplasm",2217,308,273.05,"0.2172",1.12799853506684,"cluster2"
"GO:0022626","cytosolic ribosome",72,32,8.87,"0.2200",3.60766629086809,"cluster2"
"GO:0005769","early endosome",20,4,2.46,"0.2261",1.6260162601626,"cluster2"
"GO:0120025","plasma membrane bounded cell projection",83,15,10.22,"0.2292",1.46771037181996,"cluster2"
"GO:0000407","phagophore assembly site",11,3,1.35,"0.2308",2.22222222222222,"cluster2"
"GO:0005789","endoplasmic reticulum membrane",115,17,14.16,"0.2498",1.20056497175141,"cluster2"
"GO:0000502","proteasome complex",41,9,5.05,"0.2553",1.78217821782178,"cluster2"
"GO:0070687","macropinocytic cup cytoskeleton",8,2,0.99,"0.2579",2.02020202020202,"cluster2"
"GO:0030864","cortical actin cytoskeleton",49,10,6.03,"0.2741",1.65837479270315,"cluster2"
"GO:0031254","cell trailing edge",15,3,1.85,"0.2787",1.62162162162162,"cluster2"
"GO:0005666","RNA polymerase III complex",15,3,1.85,"0.2787",1.62162162162162,"cluster2"
"GO:0005686","U2 snRNP",15,3,1.85,"0.2787",1.62162162162162,"cluster2"
"GO:0034045","phagophore assembly site membrane",9,2,1.11,"0.3063",1.8018018018018,"cluster2"
"GO:0061836","intranuclear rod",9,2,1.11,"0.3063",1.8018018018018,"cluster2"
"GO:0032009","early phagosome",30,5,3.69,"0.3071",1.3550135501355,"cluster2"
"GO:0015934","large ribosomal subunit",67,30,8.25,"0.3121",3.63636363636364,"cluster2"
"GO:0005884","actin filament",23,4,2.83,"0.3123",1.41342756183746,"cluster2"
"GO:1905369","endopeptidase complex",44,10,5.42,"0.3234",1.8450184501845,"cluster2"
"GO:0030133","transport vesicle",29,7,3.57,"0.3241",1.96078431372549,"cluster2"
"GO:1990351","transporter complex",38,7,4.68,"0.3248",1.4957264957265,"cluster2"
"GO:0031252","cell leading edge",91,17,11.21,"0.3345",1.51650312221231,"cluster2"
"GO:0030175","filopodium",28,4,3.45,"0.3505",1.15942028985507,"cluster2"
"GO:0005938","cell cortex",141,23,17.37,"0.3512",1.32412204951065,"cluster2"
"GO:0030131","clathrin adaptor complex",10,2,1.23,"0.3540",1.6260162601626,"cluster2"
"GO:0043232","intracellular non-membrane-bounded organelle",703,140,86.58,"0.3584",1.61700161700162,"cluster2"
"GO:0005743","mitochondrial inner membrane",105,16,12.93,"0.3662",1.23743232791957,"cluster2"
"GO:0005813","centrosome",53,8,6.53,"0.3772",1.22511485451761,"cluster2"
"GO:0005765","lysosomal membrane",25,4,3.08,"0.3853",1.2987012987013,"cluster2"
"GO:0071944","cell periphery",506,84,62.32,"0.3904",1.34788189987163,"cluster2"
"GO:0005736","RNA polymerase I complex",11,2,1.35,"0.4006",1.48148148148148,"cluster2"
"GO:0005685","U1 snRNP",11,2,1.35,"0.4006",1.48148148148148,"cluster2"
"GO:0019866","organelle inner membrane",109,17,13.42,"0.4067",1.26676602086438,"cluster2"
"GO:0009898","cytoplasmic side of plasma membrane",15,5,1.85,"0.4070",2.7027027027027,"cluster2"
"GO:0032993","protein-DNA complex",64,9,7.88,"0.4086",1.14213197969543,"cluster2"
"GO:0032010","phagolysosome",19,3,2.34,"0.4453",1.28205128205128,"cluster2"
"GO:0005758","mitochondrial intermembrane space",12,2,1.48,"0.4455",1.35135135135135,"cluster2"
"GO:0036452","ESCRT complex",9,4,0.86,"0.0032",4.65116279069767,"cluster3"
"GO:0031083","BLOC-1 complex",6,3,0.57,"0.0140",5.26315789473684,"cluster3"
"GO:0000177","cytoplasmic exosome (RNase complex)",6,3,0.57,"0.0140",5.26315789473684,"cluster3"
"GO:0005730","nucleolus",155,23,14.83,"0.0171",1.55091031692515,"cluster3"
"GO:0008287","protein serine/threonine phosphatase complex",12,4,1.15,"0.0219",3.47826086956522,"cluster3"
"GO:0031201","SNARE complex",26,6,2.49,"0.0325",2.40963855421687,"cluster3"
"GO:0019005","SCF ubiquitin ligase complex",8,3,0.77,"0.0338",3.8961038961039,"cluster3"
"GO:0000176","nuclear exosome (RNase complex)",8,3,0.77,"0.0338",3.8961038961039,"cluster3"
"GO:0030133","transport vesicle",29,6,2.78,"0.0477",2.15827338129496,"cluster3"
"GO:0005666","RNA polymerase III complex",15,4,1.44,"0.0481",2.77777777777778,"cluster3"
"GO:0005744","TIM23 mitochondrial import inner membrane translocase complex",5,2,0.48,"0.0752",4.16666666666667,"cluster3"
"GO:0032045","guanyl-nucleotide exchange factor complex",5,2,0.48,"0.0752",4.16666666666667,"cluster3"
"GO:1902555","endoribonuclease complex",5,2,0.48,"0.0752",4.16666666666667,"cluster3"
"GO:0005634","nucleus",863,96,82.59,"0.0852",1.16236832546313,"cluster3"
"GO:0030864","cortical actin cytoskeleton",49,8,4.69,"0.0908",1.70575692963753,"cluster3"
"GO:0000178","exosome (RNase complex)",9,4,0.86,"0.0951",4.65116279069767,"cluster3"
"GO:0000779","condensed chromosome, centromeric region",9,2,0.86,"0.0956",2.32558139534884,"cluster3"
"GO:0000932","P-body",19,4,1.82,"0.1011",2.1978021978022,"cluster3"
"GO:1905742","Ras guanyl-nucleotide exchange factor complex",6,2,0.57,"0.1058",3.50877192982456,"cluster3"
"GO:0042995","cell projection",103,10,9.86,"0.1192",1.01419878296146,"cluster3"
"GO:0045259","proton-transporting ATP synthase complex",7,2,0.67,"0.1390",2.98507462686567,"cluster3"
"GO:0005885","Arp2/3 protein complex",7,2,0.67,"0.1390",2.98507462686567,"cluster3"
"GO:0005771","multivesicular body",7,2,0.67,"0.1390",2.98507462686567,"cluster3"
"GO:0019773","proteasome core complex, alpha-subunit complex",7,2,0.67,"0.1390",2.98507462686567,"cluster3"
"GO:0030015","CCR4-NOT core complex",7,2,0.67,"0.1390",2.98507462686567,"cluster3"
"GO:0000974","Prp19 complex",7,2,0.67,"0.1390",2.98507462686567,"cluster3"
"GO:0031902","late endosome membrane",14,3,1.34,"0.1435",2.23880597014925,"cluster3"
"GO:1902554","serine/threonine protein kinase complex",14,3,1.34,"0.1435",2.23880597014925,"cluster3"
"GO:0070971","endoplasmic reticulum exit site",8,2,0.77,"0.1741",2.5974025974026,"cluster3"
"GO:0005849","mRNA cleavage factor complex",8,2,0.77,"0.1741",2.5974025974026,"cluster3"
"GO:0098796","membrane protein complex",209,27,20,"0.1842",1.35,"cluster3"
"GO:0099503","secretory vesicle",9,2,0.86,"0.2103",2.32558139534884,"cluster3"
"GO:0030127","COPII vesicle coat",9,2,0.86,"0.2103",2.32558139534884,"cluster3"
"GO:0010008","endosome membrane",52,9,4.98,"0.2172",1.80722891566265,"cluster3"
"GO:0071011","precatalytic spliceosome",17,3,1.63,"0.2180",1.84049079754601,"cluster3"
"GO:0005685","U1 snRNP",11,2,1.05,"0.2843",1.9047619047619,"cluster3"
"GO:0030686","90S preribosome",20,3,1.91,"0.2985",1.57068062827225,"cluster3"
"GO:0005615","extracellular space",29,4,2.78,"0.2995",1.43884892086331,"cluster3"
"GO:0032040","small-subunit processome",39,5,3.73,"0.3158",1.34048257372654,"cluster3"
"GO:0070069","cytochrome complex",9,2,0.86,"0.3310",2.32558139534884,"cluster3"
"GO:0005764","lysosome",85,9,8.13,"0.3448",1.1070110701107,"cluster3"
"GO:0005762","mitochondrial large ribosomal subunit",22,3,2.11,"0.3531",1.4218009478673,"cluster3"
"GO:0016459","myosin complex",13,2,1.24,"0.3576",1.61290322580645,"cluster3"
"GO:0005776","autophagosome",14,2,1.34,"0.3933",1.49253731343284,"cluster3"
"GO:0045275","respiratory chain complex III",5,1,0.48,"0.3954",2.08333333333333,"cluster3"
"GO:1990726","Lsm1-7-Pat1 complex",5,1,0.48,"0.3954",2.08333333333333,"cluster3"
"GO:0071007","U2-type catalytic step 2 spliceosome",5,1,0.48,"0.3954",2.08333333333333,"cluster3"
"GO:0000815","ESCRT III complex",5,1,0.48,"0.3954",2.08333333333333,"cluster3"
"GO:0030904","retromer complex",5,1,0.48,"0.3954",2.08333333333333,"cluster3"
"GO:0032580","Golgi cisterna membrane",5,1,0.48,"0.3954",2.08333333333333,"cluster3"
"GO:0005681","spliceosomal complex",63,8,6.03,"0.4259",1.32669983416252,"cluster3"
"GO:0005686","U2 snRNP",15,2,1.44,"0.4281",1.38888888888889,"cluster3"
"GO:0000793","condensed chromosome",15,3,1.44,"0.4522",2.08333333333333,"cluster3"
"GO:0005819","spindle",22,3,2.11,"0.4529",1.4218009478673,"cluster3"
"GO:0031941","filamentous actin",6,1,0.57,"0.4534",1.75438596491228,"cluster3"
"GO:0005876","spindle microtubule",6,1,0.57,"0.4534",1.75438596491228,"cluster3"
"GO:0005782","peroxisomal matrix",6,1,0.57,"0.4534",1.75438596491228,"cluster3"
"GO:0062201","actin wave",6,1,0.57,"0.4534",1.75438596491228,"cluster3"
"GO:0000124","SAGA complex",6,1,0.57,"0.4534",1.75438596491228,"cluster3"
"GO:1904269","cell leading edge cell cortex",6,1,0.57,"0.4534",1.75438596491228,"cluster3"
"GO:0016281","eukaryotic translation initiation factor 4F complex",6,1,0.57,"0.4534",1.75438596491228,"cluster3"
"GO:0016272","prefoldin complex",6,1,0.57,"0.4534",1.75438596491228,"cluster3"
"GO:0043527","tRNA methyltransferase complex",6,1,0.57,"0.4534",1.75438596491228,"cluster3"
"GO:0031414","N-terminal protein acetyltransferase complex",6,1,0.57,"0.4534",1.75438596491228,"cluster3"
"GO:0046540","U4/U6 x U5 tri-snRNP complex",16,2,1.53,"0.4617",1.30718954248366,"cluster3"
"GO:0005732","sno(s)RNA-containing ribonucleoprotein complex",17,2,1.63,"0.4942",1.22699386503067,"cluster3"
"GO:0030687","preribosome, large subunit precursor",17,2,1.63,"0.4942",1.22699386503067,"cluster3"
"GO:0012507","ER to Golgi transport vesicle membrane",16,3,1.53,"0.5046",1.96078431372549,"cluster3"
"GO:0097203","phagocytic cup lip",7,1,0.67,"0.5058",1.49253731343284,"cluster3"
"GO:0008250","oligosaccharyltransferase complex",7,1,0.67,"0.5058",1.49253731343284,"cluster3"
"GO:0000786","nucleosome",7,1,0.67,"0.5058",1.49253731343284,"cluster3"
"GO:0030427","site of polarized growth",7,1,0.67,"0.5058",1.49253731343284,"cluster3"
"GO:0019774","proteasome core complex, beta-subunit complex",7,1,0.67,"0.5058",1.49253731343284,"cluster3"
"GO:0030897","HOPS complex",7,1,0.67,"0.5058",1.49253731343284,"cluster3"
"GO:0000118","histone deacetylase complex",7,1,0.67,"0.5058",1.49253731343284,"cluster3"
"GO:0030688","preribosome, small subunit precursor",7,1,0.67,"0.5058",1.49253731343284,"cluster3"
"GO:0080008","Cul4-RING E3 ubiquitin ligase complex",7,1,0.67,"0.5058",1.49253731343284,"cluster3"
"GO:0001726","ruffle",7,1,0.67,"0.5058",1.49253731343284,"cluster3"
"GO:0005669","transcription factor TFIID complex",7,1,0.67,"0.5058",1.49253731343284,"cluster3"
"GO:0030008","TRAPP complex",7,1,0.67,"0.5058",1.49253731343284,"cluster3"
"GO:0005682","U5 snRNP",7,1,0.67,"0.5058",1.49253731343284,"cluster3"
"GO:0005687","U4 snRNP",7,1,0.67,"0.5058",1.49253731343284,"cluster3"
"GO:0005688","U6 snRNP",7,1,0.67,"0.5058",1.49253731343284,"cluster3"
"GO:0000228","nuclear chromosome",18,2,1.72,"0.5254",1.16279069767442,"cluster3"
"GO:0005770","late endosome",28,6,2.68,"0.5498",2.23880597014925,"cluster3"
"GO:0005773","vacuole",142,14,13.59,"0.5530",1.03016924208977,"cluster3"
"GO:0000776","kinetochore",8,1,0.77,"0.5532",1.2987012987013,"cluster3"
"GO:0070687","macropinocytic cup cytoskeleton",8,1,0.77,"0.5532",1.2987012987013,"cluster3"
"GO:0044354","macropinosome",19,2,1.82,"0.5553",1.0989010989011,"cluster3"
"GO:0032010","phagolysosome",19,2,1.82,"0.5553",1.0989010989011,"cluster3"
"GO:0005838","proteasome regulatory particle",17,7,3.14,"0.0062",2.22929936305732,"cluster4"
"GO:0005770","late endosome",28,7,5.17,"0.0073",1.35396518375242,"cluster4"
"GO:0016020","membrane",1125,227,207.52,"0.0153",1.09387047031611,"cluster4"
"GO:0032153","cell division site",21,8,3.87,"0.0337",2.0671834625323,"cluster4"
"GO:0030496","midbody",8,4,1.48,"0.0429",2.7027027027027,"cluster4"
"GO:0005871","kinesin complex",5,3,0.92,"0.0466",3.26086956521739,"cluster4"
"GO:0000145","exocyst",5,3,0.92,"0.0466",3.26086956521739,"cluster4"
"GO:0032865","ERMES complex",5,3,0.92,"0.0466",3.26086956521739,"cluster4"
"GO:0005737","cytoplasm",2217,421,408.96,"0.0551",1.02944053208138,"cluster4"
"GO:0005852","eukaryotic translation initiation factor 3 complex",13,5,2.4,"0.0740",2.08333333333333,"cluster4"
"GO:0032154","cleavage furrow",17,6,3.14,"0.0763",1.91082802547771,"cluster4"
"GO:0030687","preribosome, large subunit precursor",17,6,3.14,"0.0763",1.91082802547771,"cluster4"
"GO:0098800","inner mitochondrial membrane protein complex",11,4,2.03,"0.0805",1.97044334975369,"cluster4"
"GO:0005742","mitochondrial outer membrane translocase complex",8,4,1.48,"0.0892",2.7027027027027,"cluster4"
"GO:0016592","mediator complex",10,4,1.84,"0.0948",2.17391304347826,"cluster4"
"GO:0033290","eukaryotic 48S preinitiation complex",14,5,2.58,"0.0983",1.93798449612403,"cluster4"
"GO:0016282","eukaryotic 43S preinitiation complex",14,5,2.58,"0.0983",1.93798449612403,"cluster4"
"GO:0030897","HOPS complex",7,3,1.29,"0.1222",2.32558139534884,"cluster4"
"GO:0005669","transcription factor TFIID complex",7,3,1.29,"0.1222",2.32558139534884,"cluster4"
"GO:0031461","cullin-RING ubiquitin ligase complex",19,5,3.5,"0.1572",1.42857142857143,"cluster4"
"GO:0030119","AP-type membrane coat adaptor complex",14,4,2.58,"0.1573",1.55038759689922,"cluster4"
"GO:0030136","clathrin-coated vesicle",17,4,3.14,"0.1575",1.27388535031847,"cluster4"
"GO:0012506","vesicle membrane",140,26,25.83,"0.1578",1.00658149438637,"cluster4"
"GO:0008180","COP9 signalosome",8,3,1.48,"0.1697",2.02702702702703,"cluster4"
"GO:0000428","DNA-directed RNA polymerase complex",48,12,8.85,"0.1838",1.35593220338983,"cluster4"
"GO:0098797","plasma membrane protein complex",26,7,4.8,"0.1841",1.45833333333333,"cluster4"
"GO:0038201","TOR complex",7,2,1.29,"0.1845",1.55038759689922,"cluster4"
"GO:0034708","methyltransferase complex",7,2,1.29,"0.1845",1.55038759689922,"cluster4"
"GO:0140220","pathogen-containing vacuole",56,13,10.33,"0.2210",1.25847047434656,"cluster4"
"GO:0000922","spindle pole",9,3,1.66,"0.2215",1.80722891566265,"cluster4"
"GO:0005789","endoplasmic reticulum membrane",115,25,21.21,"0.2233",1.17868929750118,"cluster4"
"GO:0098798","mitochondrial protein-containing complex",59,18,10.88,"0.2278",1.65441176470588,"cluster4"
"GO:0005851","eukaryotic translation initiation factor 2B complex",5,2,0.92,"0.2312",2.17391304347826,"cluster4"
"GO:0008541","proteasome regulatory particle, lid subcomplex",5,2,0.92,"0.2312",2.17391304347826,"cluster4"
"GO:0001401","SAM complex",5,2,0.92,"0.2312",2.17391304347826,"cluster4"
"GO:0071203","WASH complex",5,2,0.92,"0.2312",2.17391304347826,"cluster4"
"GO:0070847","core mediator complex",5,2,0.92,"0.2312",2.17391304347826,"cluster4"
"GO:0000346","transcription export complex",5,2,0.92,"0.2312",2.17391304347826,"cluster4"
"GO:0000347","THO complex",5,2,0.92,"0.2312",2.17391304347826,"cluster4"
"GO:0030904","retromer complex",5,2,0.92,"0.2312",2.17391304347826,"cluster4"
"GO:0031428","box C/D RNP complex",5,2,0.92,"0.2312",2.17391304347826,"cluster4"
"GO:0019898","extrinsic component of membrane",16,4,2.95,"0.2312",1.35593220338983,"cluster4"
"GO:0005776","autophagosome",14,4,2.58,"0.2493",1.55038759689922,"cluster4"
"GO:0005832","chaperonin-containing T-complex",10,3,1.84,"0.2757",1.6304347826087,"cluster4"
"GO:0010008","endosome membrane",52,10,9.59,"0.2838",1.04275286757039,"cluster4"
"GO:0031254","cell trailing edge",15,4,2.77,"0.2941",1.44404332129964,"cluster4"
"GO:0005769","early endosome",20,5,3.69,"0.3033",1.3550135501355,"cluster4"
"GO:0000331","contractile vacuole",42,9,7.75,"0.3033",1.16129032258065,"cluster4"
"GO:0090575","RNA polymerase II transcription regulator complex",18,7,3.32,"0.3046",2.10843373493976,"cluster4"
"GO:0016591","RNA polymerase II, holoenzyme",31,8,5.72,"0.3055",1.3986013986014,"cluster4"
"GO:0000159","protein phosphatase type 2A complex",6,2,1.11,"0.3065",1.8018018018018,"cluster4"
"GO:0016272","prefoldin complex",6,2,1.11,"0.3065",1.8018018018018,"cluster4"
"GO:0043190","ATP-binding cassette (ABC) transporter complex",6,2,1.11,"0.3065",1.8018018018018,"cluster4"
"GO:0000793","condensed chromosome",15,3,2.77,"0.3069",1.08303249097473,"cluster4"
"GO:0030014","CCR4-NOT complex",9,3,1.66,"0.3346",1.80722891566265,"cluster4"
"GO:0098562","cytoplasmic side of membrane",17,4,3.14,"0.3348",1.27388535031847,"cluster4"
"GO:0030132","clathrin coat of coated pit",8,2,1.48,"0.3350",1.35135135135135,"cluster4"
"GO:0005739","mitochondrion",433,85,79.87,"0.3467",1.06422937273069,"cluster4"
"GO:0005759","mitochondrial matrix",94,19,17.34,"0.3517",1.0957324106113,"cluster4"
"GO:0042641","actomyosin",7,2,1.29,"0.3802",1.55038759689922,"cluster4"
"GO:0045121","membrane raft",7,2,1.29,"0.3802",1.55038759689922,"cluster4"
"GO:0030015","CCR4-NOT core complex",7,2,1.29,"0.3802",1.55038759689922,"cluster4"
"GO:0030867","rough endoplasmic reticulum membrane",7,2,1.29,"0.3802",1.55038759689922,"cluster4"
"GO:0080008","Cul4-RING E3 ubiquitin ligase complex",7,2,1.29,"0.3802",1.55038759689922,"cluster4"
"GO:0000974","Prp19 complex",7,2,1.29,"0.3802",1.55038759689922,"cluster4"
"GO:0043601","nuclear replisome",7,2,1.29,"0.3802",1.55038759689922,"cluster4"
"GO:0005762","mitochondrial large ribosomal subunit",22,5,4.06,"0.3830",1.23152709359606,"cluster4"
"GO:0032010","phagolysosome",19,4,3.5,"0.3865",1.14285714285714,"cluster4"
"GO:0022627","cytosolic small ribosomal subunit",28,6,5.17,"0.4155",1.1605415860735,"cluster4"
"GO:0005765","lysosomal membrane",25,5,4.61,"0.4315",1.08459869848156,"cluster4"
"GO:0005849","mRNA cleavage factor complex",8,2,1.48,"0.4504",1.35135135135135,"cluster4"
"GO:0005874","microtubule",35,7,6.46,"0.4514",1.08359133126935,"cluster4"
"GO:0055029","nuclear DNA-directed RNA polymerase complex",47,11,8.67,"0.4566",1.26874279123414,"cluster4"
"GO:0005795","Golgi stack",10,2,1.84,"0.4579",1.08695652173913,"cluster4"
"GO:1902554","serine/threonine protein kinase complex",14,3,2.58,"0.4923",1.16279069767442,"cluster4"
"GO:0012505","endomembrane system",473,92,87.25,"0.4974",1.05444126074499,"cluster4"
"GO:0008540","proteasome regulatory particle, base subcomplex",9,2,1.66,"0.5158",1.20481927710843,"cluster4"
"GO:0034045","phagophore assembly site membrane",9,2,1.66,"0.5158",1.20481927710843,"cluster4"
"GO:0055037","recycling endosome",15,3,2.77,"0.5419",1.08303249097473,"cluster4"
"GO:0005667","transcription regulator complex",22,8,4.06,"0.5556",1.97044334975369,"cluster4"
"GO:0015935","small ribosomal subunit",42,8,7.75,"0.5578",1.03225806451613,"cluster4"
"GO:0009898","cytoplasmic side of plasma membrane",15,3,2.77,"0.5578",1.08303249097473,"cluster4"
"GO:0030131","clathrin adaptor complex",10,2,1.84,"0.5579",1.08695652173913,"cluster4"
"GO:1990234","transferase complex",156,30,28.78,"0.5586",1.04239054899236,"cluster4"
"GO:0005576","extracellular region",115,27,6.64,"2.3e-11",4.06626506024096,"cluster5"
"GO:0016020","membrane",1125,78,64.91,"2.4e-05",1.20166384224311,"cluster5"
"GO:0031160","spore wall",8,4,0.46,"0.00063",8.69565217391304,"cluster5"
"GO:0098552","side of membrane",35,8,2.02,"0.00317",3.96039603960396,"cluster5"
"GO:0009897","external side of plasma membrane",12,4,0.69,"0.00369",5.79710144927536,"cluster5"
"GO:0031012","extracellular matrix",143,15,8.25,"0.01653",1.81818181818182,"cluster5"
"GO:0098636","protein complex involved in cell adhesion",10,3,0.58,"0.01680",5.17241379310345,"cluster5"
"GO:0016604","nuclear body",11,3,0.63,"0.01830",4.76190476190476,"cluster5"
"GO:0000243","commitment complex",5,2,0.29,"0.02951",6.89655172413793,"cluster5"
"GO:1902554","serine/threonine protein kinase complex",14,3,0.81,"0.04298",3.7037037037037,"cluster5"
"GO:0071004","U2-type prespliceosome",11,2,0.63,"0.12936",3.17460317460317,"cluster5"
"GO:0005911","cell-cell junction",24,3,1.38,"0.15773",2.17391304347826,"cluster5"
"GO:0098687","chromosomal region",14,2,0.81,"0.16307",2.46913580246914,"cluster5"
"GO:0071944","cell periphery",506,43,29.2,"0.19751",1.47260273972603,"cluster5"
"GO:0005802","trans-Golgi network",15,2,0.87,"0.21315",2.29885057471264,"cluster5"
"GO:0005764","lysosome",85,7,4.9,"0.21717",1.42857142857143,"cluster5"
"GO:0005615","extracellular space",29,3,1.67,"0.23263",1.79640718562874,"cluster5"
"GO:0032580","Golgi cisterna membrane",5,1,0.29,"0.25719",3.44827586206897,"cluster5"
"GO:0045275","respiratory chain complex III",5,1,0.29,"0.25719",3.44827586206897,"cluster5"
"GO:0005925","focal adhesion",5,1,0.29,"0.25719",3.44827586206897,"cluster5"
"GO:0016281","eukaryotic translation initiation factor 4F complex",6,1,0.35,"0.30011",2.85714285714286,"cluster5"
"GO:0031932","TORC2 complex",6,1,0.35,"0.30011",2.85714285714286,"cluster5"
"GO:0043190","ATP-binding cassette (ABC) transporter complex",6,1,0.35,"0.30011",2.85714285714286,"cluster5"
"GO:0016593","Cdc73/Paf1 complex",6,1,0.35,"0.30011",2.85714285714286,"cluster5"
"GO:0043527","tRNA methyltransferase complex",6,1,0.35,"0.30011",2.85714285714286,"cluster5"
"GO:0048471","perinuclear region of cytoplasm",20,2,1.15,"0.32237",1.73913043478261,"cluster5"
"GO:0080008","Cul4-RING E3 ubiquitin ligase complex",7,1,0.4,"0.34056",2.5,"cluster5"
"GO:0008250","oligosaccharyltransferase complex",7,1,0.4,"0.34056",2.5,"cluster5"
"GO:0016607","nuclear speck",7,1,0.4,"0.34056",2.5,"cluster5"
"GO:0045121","membrane raft",7,1,0.4,"0.34056",2.5,"cluster5"
"GO:0005813","centrosome",53,4,3.06,"0.36608",1.30718954248366,"cluster5"
"GO:0005742","mitochondrial outer membrane translocase complex",8,1,0.46,"0.37868",2.17391304347826,"cluster5"
"GO:0005811","lipid droplet",71,5,4.1,"0.39060",1.21951219512195,"cluster5"
"GO:0030126","COPI vesicle coat",9,1,0.52,"0.41461",1.92307692307692,"cluster5"
"GO:0008023","transcription elongation factor complex",16,2,0.92,"0.44740",2.17391304347826,"cluster5"
"GO:0005832","chaperonin-containing T-complex",10,1,0.58,"0.44847",1.72413793103448,"cluster5"
"GO:0016592","mediator complex",10,1,0.58,"0.44847",1.72413793103448,"cluster5"
"GO:0005886","plasma membrane",306,21,17.66,"0.45705",1.18912797281993,"cluster5"
"GO:0000775","chromosome, centromeric region",11,1,0.63,"0.48038",1.58730158730159,"cluster5"
"GO:0005834","heterotrimeric G-protein complex",11,1,0.63,"0.48038",1.58730158730159,"cluster5"
"GO:0005685","U1 snRNP",11,1,0.63,"0.48038",1.58730158730159,"cluster5"
"GO:0030175","filopodium",28,2,1.62,"0.48667",1.23456790123457,"cluster5"
"GO:0005793","endoplasmic reticulum-Golgi intermediate compartment",12,1,0.69,"0.51045",1.44927536231884,"cluster5"
"GO:0031965","nuclear membrane",12,1,0.69,"0.51045",1.44927536231884,"cluster5"
"GO:0071013","catalytic step 2 spliceosome",31,2,1.79,"0.54176",1.11731843575419,"cluster5"
"GO:0099738","cell cortex region",14,1,0.81,"0.56550",1.23456790123457,"cluster5"
"GO:0055037","recycling endosome",15,1,0.87,"0.59067",1.14942528735632,"cluster5"
"GO:0031254","cell trailing edge",15,1,0.87,"0.59067",1.14942528735632,"cluster5"
"GO:1990204","oxidoreductase complex",40,3,2.31,"0.60672",1.2987012987013,"cluster5"
"GO:0009986","cell surface",29,5,1.67,"0.63064",2.9940119760479,"cluster5"
"GO:0005732","sno(s)RNA-containing ribonucleoprotein complex",17,1,0.98,"0.63673",1.02040816326531,"cluster5"
"GO:0032154","cleavage furrow",17,1,0.98,"0.63673",1.02040816326531,"cluster5"
"GO:0098857","membrane microdomain",7,1,0.4,"1.00000",2.5,"cluster5"
"GO:0005815","microtubule organizing center",58,4,3.35,"1.00000",1.19402985074627,"cluster5"
"GO:0098858","actin-based cell projection",28,2,1.62,"1.00000",1.23456790123457,"cluster5"
"GO:0098797","plasma membrane protein complex",26,2,1.5,"1.00000",1.33333333333333,"cluster5"
"GO:0030137","COPI-coated vesicle",9,1,0.52,"1.00000",1.92307692307692,"cluster5"
"GO:0098799","outer mitochondrial membrane protein complex",12,1,0.69,"1.00000",1.44927536231884,"cluster5"
"GO:0005643","nuclear pore",28,9,1.62,"0.0011",5.55555555555556,"cluster6"
"GO:0046540","U4/U6 x U5 tri-snRNP complex",16,5,0.92,"0.0016",5.43478260869565,"cluster6"
"GO:0031080","nuclear pore outer ring",6,3,0.35,"0.0033",8.57142857142857,"cluster6"
"GO:0031965","nuclear membrane",12,4,0.69,"0.0037",5.79710144927536,"cluster6"
"GO:0005759","mitochondrial matrix",94,11,5.42,"0.0083",2.02952029520295,"cluster6"
"GO:0071011","precatalytic spliceosome",17,4,0.98,"0.0141",4.08163265306122,"cluster6"
"GO:0071013","catalytic step 2 spliceosome",31,7,1.79,"0.0143",3.91061452513966,"cluster6"
"GO:0019866","organelle inner membrane",109,10,6.29,"0.0181",1.58982511923688,"cluster6"
"GO:0030659","cytoplasmic vesicle membrane",136,11,7.85,"0.0219",1.40127388535032,"cluster6"
"GO:0071007","U2-type catalytic step 2 spliceosome",5,2,0.29,"0.0295",6.89655172413793,"cluster6"
"GO:0005686","U2 snRNP",15,3,0.87,"0.0515",3.44827586206897,"cluster6"
"GO:0005739","mitochondrion",433,38,24.98,"0.0563",1.52121697357886,"cluster6"
"GO:0005688","U6 snRNP",7,2,0.4,"0.0574",5,"cluster6"
"GO:0016607","nuclear speck",7,2,0.4,"0.0574",5,"cluster6"
"GO:0005684","U2-type spliceosomal complex",24,5,1.38,"0.0724",3.6231884057971,"cluster6"
"GO:0005777","peroxisome",46,7,2.65,"0.0803",2.64150943396226,"cluster6"
"GO:0030126","COPI vesicle coat",9,2,0.52,"0.0913",3.84615384615385,"cluster6"
"GO:0005794","Golgi apparatus",126,10,7.27,"0.1079",1.37551581843191,"cluster6"
"GO:0070603","SWI/SNF superfamily-type complex",10,2,0.58,"0.1099",3.44827586206897,"cluster6"
"GO:0005763","mitochondrial small ribosomal subunit",10,2,0.58,"0.1099",3.44827586206897,"cluster6"
"GO:0005788","endoplasmic reticulum lumen",10,2,0.58,"0.1099",3.44827586206897,"cluster6"
"GO:0016020","membrane",1125,70,64.91,"0.1401",1.07841626867971,"cluster6"
"GO:0005793","endoplasmic reticulum-Golgi intermediate compartment",12,2,0.69,"0.1496",2.89855072463768,"cluster6"
"GO:0005778","peroxisomal membrane",12,2,0.69,"0.1496",2.89855072463768,"cluster6"
"GO:0031968","organelle outer membrane",20,2,1.15,"0.1633",1.73913043478261,"cluster6"
"GO:0005852","eukaryotic translation initiation factor 3 complex",13,2,0.75,"0.1704",2.66666666666667,"cluster6"
"GO:0033290","eukaryotic 48S preinitiation complex",14,2,0.81,"0.1916",2.46913580246914,"cluster6"
"GO:0016282","eukaryotic 43S preinitiation complex",14,2,0.81,"0.1916",2.46913580246914,"cluster6"
"GO:0005681","spliceosomal complex",63,11,3.63,"0.2034",3.03030303030303,"cluster6"
"GO:0055037","recycling endosome",15,2,0.87,"0.2132",2.29885057471264,"cluster6"
"GO:0098588","bounding membrane of organelle",214,15,12.35,"0.2549",1.21457489878543,"cluster6"
"GO:0005884","actin filament",23,3,1.33,"0.2556",2.25563909774436,"cluster6"
"GO:0005815","microtubule organizing center",58,5,3.35,"0.2561",1.49253731343284,"cluster6"
"GO:0000346","transcription export complex",5,1,0.29,"0.2572",3.44827586206897,"cluster6"
"GO:0000347","THO complex",5,1,0.29,"0.2572",3.44827586206897,"cluster6"
"GO:0031592","centrosomal corona",5,1,0.29,"0.2572",3.44827586206897,"cluster6"
"GO:1990726","Lsm1-7-Pat1 complex",5,1,0.29,"0.2572",3.44827586206897,"cluster6"
"GO:0032580","Golgi cisterna membrane",5,1,0.29,"0.2572",3.44827586206897,"cluster6"
"GO:0042175","nuclear outer membrane-endoplasmic reticulum membrane network",120,7,6.92,"0.2579",1.01156069364162,"cluster6"
"GO:0000151","ubiquitin ligase complex",37,3,2.13,"0.2789",1.40845070422535,"cluster6"
"GO:0005743","mitochondrial inner membrane",105,8,6.06,"0.2963",1.32013201320132,"cluster6"
"GO:0031941","filamentous actin",6,1,0.35,"0.3001",2.85714285714286,"cluster6"
"GO:0016593","Cdc73/Paf1 complex",6,1,0.35,"0.3001",2.85714285714286,"cluster6"
"GO:0005782","peroxisomal matrix",6,1,0.35,"0.3001",2.85714285714286,"cluster6"
"GO:0034399","nuclear periphery",6,1,0.35,"0.3001",2.85714285714286,"cluster6"
"GO:0010494","cytoplasmic stress granule",6,1,0.35,"0.3001",2.85714285714286,"cluster6"
"GO:0005769","early endosome",20,2,1.15,"0.3224",1.73913043478261,"cluster6"
"GO:0000974","Prp19 complex",7,1,0.4,"0.3406",2.5,"cluster6"
"GO:0005885","Arp2/3 protein complex",7,1,0.4,"0.3406",2.5,"cluster6"
"GO:0030867","rough endoplasmic reticulum membrane",7,1,0.4,"0.3406",2.5,"cluster6"
"GO:0030427","site of polarized growth",7,1,0.4,"0.3406",2.5,"cluster6"
"GO:0042641","actomyosin",7,1,0.4,"0.3406",2.5,"cluster6"
"GO:0001726","ruffle",7,1,0.4,"0.3406",2.5,"cluster6"
"GO:0044613","nuclear pore central transport channel",7,1,0.4,"0.3406",2.5,"cluster6"
"GO:0000118","histone deacetylase complex",7,1,0.4,"0.3406",2.5,"cluster6"
"GO:0005687","U4 snRNP",7,1,0.4,"0.3406",2.5,"cluster6"
"GO:0043601","nuclear replisome",7,1,0.4,"0.3406",2.5,"cluster6"
"GO:0030897","HOPS complex",7,1,0.4,"0.3406",2.5,"cluster6"
"GO:0031966","mitochondrial membrane",129,10,7.44,"0.3756",1.34408602150538,"cluster6"
"GO:0030134","COPII-coated ER to Golgi transport vesicle",24,2,1.38,"0.3786",1.44927536231884,"cluster6"
"GO:0000776","kinetochore",8,1,0.46,"0.3787",2.17391304347826,"cluster6"
"GO:0005849","mRNA cleavage factor complex",8,1,0.46,"0.3787",2.17391304347826,"cluster6"
"GO:0030496","midbody",8,1,0.46,"0.3787",2.17391304347826,"cluster6"
"GO:0042575","DNA polymerase complex",8,1,0.46,"0.3787",2.17391304347826,"cluster6"
"GO:0072686","mitotic spindle",9,1,0.52,"0.4146",1.92307692307692,"cluster6"
"GO:0008023","transcription elongation factor complex",16,2,0.92,"0.4474",2.17391304347826,"cluster6"
"GO:0031201","SNARE complex",26,2,1.5,"0.4477",1.33333333333333,"cluster6"
"GO:0071004","U2-type prespliceosome",11,1,0.63,"0.4804",1.58730158730159,"cluster6"
"GO:0030125","clathrin vesicle coat",11,1,0.63,"0.4804",1.58730158730159,"cluster6"
"GO:0005685","U1 snRNP",11,1,0.63,"0.4804",1.58730158730159,"cluster6"
"GO:0098800","inner mitochondrial membrane protein complex",11,1,0.63,"0.4804",1.58730158730159,"cluster6"
"GO:0032991","protein-containing complex",1094,64,63.12,"0.4991",1.01394169835234,"cluster6"
"GO:0000139","Golgi membrane",46,3,2.65,"0.5009",1.13207547169811,"cluster6"
"GO:0005758","mitochondrial intermembrane space",12,1,0.69,"0.5105",1.44927536231884,"cluster6"
"GO:0005635","nuclear envelope",48,12,2.77,"0.5225",4.33212996389892,"cluster6"
"GO:0005813","centrosome",53,4,3.06,"0.5276",1.30718954248366,"cluster6"
"GO:0005819","spindle",22,2,1.27,"0.5379",1.5748031496063,"cluster6"
"GO:0016459","myosin complex",13,1,0.75,"0.5388",1.33333333333333,"cluster6"
"GO:0099738","cell cortex region",14,1,0.81,"0.5655",1.23456790123457,"cluster6"
"GO:1902554","serine/threonine protein kinase complex",14,1,0.81,"0.5655",1.23456790123457,"cluster6"
"GO:0005654","nucleoplasm",92,7,5.31,"0.5718",1.31826741996234,"cluster6"
"GO:0005839","proteasome core complex",15,1,0.87,"0.5907",1.14942528735632,"cluster6"
"GO:0005783","endoplasmic reticulum",202,12,11.65,"0.5917",1.03004291845494,"cluster6"
"GO:0012505","endomembrane system",473,37,27.29,"0.5936",1.35580798827409,"cluster6"
"GO:0012507","ER to Golgi transport vesicle membrane",16,1,0.92,"0.6144",1.08695652173913,"cluster6"
"GO:0005737","cytoplasm",2217,132,127.92,"0.6221",1.03189493433396,"cluster6"
"GO:0099023","vesicle tethering complex",24,2,1.38,"0.6356",1.44927536231884,"cluster6"
"GO:0005741","mitochondrial outer membrane",17,1,0.98,"0.6367",1.02040816326531,"cluster6"
"GO:0005732","sno(s)RNA-containing ribonucleoprotein complex",17,1,0.98,"0.6367",1.02040816326531,"cluster6"
"GO:0005576","extracellular region",115,27,7.85,"1.1e-07",3.43949044585987,"cluster7"
"GO:0031012","extracellular matrix",143,23,9.76,"7.4e-05",2.35655737704918,"cluster7"
"GO:0009986","cell surface",29,6,1.98,"0.0044",3.03030303030303,"cluster7"
"GO:0005615","extracellular space",29,6,1.98,"0.0119",3.03030303030303,"cluster7"
"GO:0031160","spore wall",8,3,0.55,"0.0136",5.45454545454545,"cluster7"
"GO:0098636","protein complex involved in cell adhesion",10,3,0.68,"0.0263",4.41176470588235,"cluster7"
"GO:0005758","mitochondrial intermembrane space",12,3,0.82,"0.0436",3.65853658536585,"cluster7"
"GO:0000124","SAGA complex",6,2,0.41,"0.0579",4.8780487804878,"cluster7"
"GO:0005694","chromosome",100,12,6.82,"0.0751",1.75953079178886,"cluster7"
"GO:0030688","preribosome, small subunit precursor",7,2,0.48,"0.0775",4.16666666666667,"cluster7"
"GO:0044613","nuclear pore central transport channel",7,2,0.48,"0.0775",4.16666666666667,"cluster7"
"GO:0019773","proteasome core complex, alpha-subunit complex",7,2,0.48,"0.0775",4.16666666666667,"cluster7"
"GO:0008540","proteasome regulatory particle, base subcomplex",9,2,0.61,"0.1216",3.27868852459016,"cluster7"
"GO:0005764","lysosome",85,8,5.8,"0.1229",1.37931034482759,"cluster7"
"GO:0000775","chromosome, centromeric region",11,2,0.75,"0.1316",2.66666666666667,"cluster7"
"GO:0005685","U1 snRNP",11,2,0.75,"0.1700",2.66666666666667,"cluster7"
"GO:0120114","Sm-like protein family complex",40,3,2.73,"0.1915",1.0989010989011,"cluster7"
"GO:0000785","chromatin",53,7,3.62,"0.2390",1.93370165745856,"cluster7"
"GO:0005667","transcription regulator complex",22,3,1.5,"0.2457",2,"cluster7"
"GO:0045335","phagocytic vesicle",313,24,21.36,"0.2517",1.12359550561798,"cluster7"
"GO:0005802","trans-Golgi network",15,2,1.02,"0.2730",1.96078431372549,"cluster7"
"GO:1905368","peptidase complex",55,8,3.75,"0.2940",2.13333333333333,"cluster7"
"GO:0000346","transcription export complex",5,1,0.34,"0.2978",2.94117647058824,"cluster7"
"GO:0000347","THO complex",5,1,0.34,"0.2978",2.94117647058824,"cluster7"
"GO:0000243","commitment complex",5,1,0.34,"0.2978",2.94117647058824,"cluster7"
"GO:0070847","core mediator complex",5,1,0.34,"0.2978",2.94117647058824,"cluster7"
"GO:0005925","focal adhesion",5,1,0.34,"0.2978",2.94117647058824,"cluster7"
"GO:0045254","pyruvate dehydrogenase complex",5,1,0.34,"0.2978",2.94117647058824,"cluster7"
"GO:0031592","centrosomal corona",5,1,0.34,"0.2978",2.94117647058824,"cluster7"
"GO:0030122","AP-2 adaptor complex",6,1,0.41,"0.3458",2.4390243902439,"cluster7"
"GO:0061851","leading edge of lamellipodium",6,1,0.41,"0.3458",2.4390243902439,"cluster7"
"GO:0070938","contractile ring",6,1,0.41,"0.3458",2.4390243902439,"cluster7"
"GO:0033588","elongator holoenzyme complex",6,1,0.41,"0.3458",2.4390243902439,"cluster7"
"GO:0016281","eukaryotic translation initiation factor 4F complex",6,1,0.41,"0.3458",2.4390243902439,"cluster7"
"GO:0031941","filamentous actin",6,1,0.41,"0.3458",2.4390243902439,"cluster7"
"GO:0030141","secretory granule",7,1,0.48,"0.3905",2.08333333333333,"cluster7"
"GO:0005669","transcription factor TFIID complex",7,1,0.48,"0.3905",2.08333333333333,"cluster7"
"GO:0043601","nuclear replisome",7,1,0.48,"0.3905",2.08333333333333,"cluster7"
"GO:0005682","U5 snRNP",7,1,0.48,"0.3905",2.08333333333333,"cluster7"
"GO:0005687","U4 snRNP",7,1,0.48,"0.3905",2.08333333333333,"cluster7"
"GO:0000786","nucleosome",7,1,0.48,"0.3905",2.08333333333333,"cluster7"
"GO:0030686","90S preribosome",20,2,1.36,"0.4007",1.47058823529412,"cluster7"
"GO:0048471","perinuclear region of cytoplasm",20,2,1.36,"0.4007",1.47058823529412,"cluster7"
"GO:0005813","centrosome",53,5,3.62,"0.4146",1.38121546961326,"cluster7"
"GO:0000502","proteasome complex",41,5,2.8,"0.4298",1.78571428571429,"cluster7"
"GO:0042575","DNA polymerase complex",8,1,0.55,"0.4322",1.81818181818182,"cluster7"
"GO:0000776","kinetochore",8,1,0.55,"0.4322",1.81818181818182,"cluster7"
"GO:0008180","COP9 signalosome",8,1,0.55,"0.4322",1.81818181818182,"cluster7"
"GO:0045271","respiratory chain complex I",22,2,1.5,"0.4490",1.33333333333333,"cluster7"
"GO:0070069","cytochrome complex",9,1,0.61,"0.4710",1.63934426229508,"cluster7"
"GO:0000228","nuclear chromosome",18,2,1.23,"0.5066",1.6260162601626,"cluster7"
"GO:0005788","endoplasmic reticulum lumen",10,1,0.68,"0.5072",1.47058823529412,"cluster7"
"GO:0016592","mediator complex",10,1,0.68,"0.5072",1.47058823529412,"cluster7"
"GO:0071004","U2-type prespliceosome",11,1,0.75,"0.5409",1.33333333333333,"cluster7"
"GO:0005736","RNA polymerase I complex",11,1,0.75,"0.5409",1.33333333333333,"cluster7"
"GO:0005778","peroxisomal membrane",12,1,0.82,"0.5724",1.21951219512195,"cluster7"
"GO:0005665","RNA polymerase II, core complex",12,1,0.82,"0.5724",1.21951219512195,"cluster7"
"GO:0009897","external side of plasma membrane",12,1,0.82,"0.5724",1.21951219512195,"cluster7"
"GO:0098803","respiratory chain complex",35,3,2.39,"0.6009",1.25523012552301,"cluster7"
"GO:0005852","eukaryotic translation initiation factor 3 complex",13,1,0.89,"0.6016",1.12359550561798,"cluster7"
"GO:0016282","eukaryotic 43S preinitiation complex",14,1,0.96,"0.6289",1.04166666666667,"cluster7"
"GO:0033290","eukaryotic 48S preinitiation complex",14,1,0.96,"0.6289",1.04166666666667,"cluster7"
"GO:0005884","actin filament",23,2,1.57,"0.6992",1.27388535031847,"cluster7"
"GO:0005643","nuclear pore",28,3,1.91,"0.7721",1.57068062827225,"cluster7"
"GO:0045271","respiratory chain complex I",22,8,1.46,"4.9e-05",5.47945205479452,"cluster8"
"GO:0005856","cytoskeleton",223,24,14.85,"0.0015",1.61616161616162,"cluster8"
"GO:0030141","secretory granule",7,3,0.47,"0.0083",6.38297872340426,"cluster8"
"GO:0042995","cell projection",103,10,6.86,"0.0086",1.45772594752187,"cluster8"
"GO:0001891","phagocytic cup",39,7,2.6,"0.0130",2.69230769230769,"cluster8"
"GO:0031252","cell leading edge",91,12,6.06,"0.0145",1.98019801980198,"cluster8"
"GO:0016020","membrane",1125,97,74.9,"0.0152",1.29506008010681,"cluster8"
"GO:0005886","plasma membrane",306,32,20.37,"0.0266",1.57093765341188,"cluster8"
"GO:0000331","contractile vacuole",42,5,2.8,"0.0401",1.78571428571429,"cluster8"
"GO:0009897","external side of plasma membrane",12,3,0.8,"0.0409",3.75,"cluster8"
"GO:0098552","side of membrane",35,6,2.33,"0.0545",2.57510729613734,"cluster8"
"GO:0015629","actin cytoskeleton",115,12,7.66,"0.0584",1.56657963446475,"cluster8"
"GO:0000974","Prp19 complex",7,2,0.47,"0.0742",4.25531914893617,"cluster8"
"GO:0000118","histone deacetylase complex",7,2,0.47,"0.0742",4.25531914893617,"cluster8"
"GO:0016607","nuclear speck",7,2,0.47,"0.0742",4.25531914893617,"cluster8"
"GO:0030496","midbody",8,2,0.53,"0.0947",3.77358490566038,"cluster8"
"GO:0044354","macropinosome",19,3,1.26,"0.1285",2.38095238095238,"cluster8"
"GO:0016592","mediator complex",10,2,0.67,"0.1396",2.98507462686567,"cluster8"
"GO:0048471","perinuclear region of cytoplasm",20,3,1.33,"0.1441",2.25563909774436,"cluster8"
"GO:0015934","large ribosomal subunit",67,5,4.46,"0.1870",1.12107623318386,"cluster8"
"GO:0005811","lipid droplet",71,7,4.73,"0.1910",1.47991543340381,"cluster8"
"GO:0005911","cell-cell junction",24,3,1.6,"0.2119",1.875,"cluster8"
"GO:0000785","chromatin",53,5,3.53,"0.2300",1.41643059490085,"cluster8"
"GO:0016604","nuclear body",11,3,0.73,"0.2396",4.10958904109589,"cluster8"
"GO:0005667","transcription regulator complex",22,2,1.46,"0.2411",1.36986301369863,"cluster8"
"GO:0005694","chromosome",100,10,6.66,"0.2597",1.5015015015015,"cluster8"
"GO:0031254","cell trailing edge",15,2,1,"0.2635",2,"cluster8"
"GO:0008023","transcription elongation factor complex",16,2,1.07,"0.2889",1.86915887850467,"cluster8"
"GO:0005851","eukaryotic translation initiation factor 2B complex",5,1,0.33,"0.2915",3.03030303030303,"cluster8"
"GO:0071007","U2-type catalytic step 2 spliceosome",5,1,0.33,"0.2915",3.03030303030303,"cluster8"
"GO:0032045","guanyl-nucleotide exchange factor complex",5,1,0.33,"0.2915",3.03030303030303,"cluster8"
"GO:0005663","DNA replication factor C complex",5,1,0.33,"0.2915",3.03030303030303,"cluster8"
"GO:1902555","endoribonuclease complex",5,1,0.33,"0.2915",3.03030303030303,"cluster8"
"GO:0000145","exocyst",5,1,0.33,"0.2915",3.03030303030303,"cluster8"
"GO:0000815","ESCRT III complex",5,1,0.33,"0.2915",3.03030303030303,"cluster8"
"GO:0031592","centrosomal corona",5,1,0.33,"0.2915",3.03030303030303,"cluster8"
"GO:0045275","respiratory chain complex III",5,1,0.33,"0.2915",3.03030303030303,"cluster8"
"GO:0031143","pseudopodium",44,4,2.93,"0.3361",1.36518771331058,"cluster8"
"GO:0000793","condensed chromosome",15,2,1,"0.3383",2,"cluster8"
"GO:0030122","AP-2 adaptor complex",6,1,0.4,"0.3388",2.5,"cluster8"
"GO:1904269","cell leading edge cell cortex",6,1,0.4,"0.3388",2.5,"cluster8"
"GO:0005876","spindle microtubule",6,1,0.4,"0.3388",2.5,"cluster8"
"GO:0000177","cytoplasmic exosome (RNase complex)",6,1,0.4,"0.3388",2.5,"cluster8"
"GO:0031083","BLOC-1 complex",6,1,0.4,"0.3388",2.5,"cluster8"
"GO:0016281","eukaryotic translation initiation factor 4F complex",6,1,0.4,"0.3388",2.5,"cluster8"
"GO:0016272","prefoldin complex",6,1,0.4,"0.3388",2.5,"cluster8"
"GO:0043527","tRNA methyltransferase complex",6,1,0.4,"0.3388",2.5,"cluster8"
"GO:0031941","filamentous actin",6,1,0.4,"0.3388",2.5,"cluster8"
"GO:0010494","cytoplasmic stress granule",6,1,0.4,"0.3388",2.5,"cluster8"
"GO:0031932","TORC2 complex",6,1,0.4,"0.3388",2.5,"cluster8"
"GO:0005938","cell cortex",141,12,9.39,"0.3526",1.2779552715655,"cluster8"
"GO:0000139","Golgi membrane",46,4,3.06,"0.3671",1.30718954248366,"cluster8"
"GO:0005654","nucleoplasm",92,11,6.12,"0.3678",1.79738562091503,"cluster8"
"GO:0005771","multivesicular body",7,1,0.47,"0.3829",2.12765957446809,"cluster8"
"GO:0005885","Arp2/3 protein complex",7,1,0.47,"0.3829",2.12765957446809,"cluster8"
"GO:0005669","transcription factor TFIID complex",7,1,0.47,"0.3829",2.12765957446809,"cluster8"
"GO:0016471","vacuolar proton-transporting V-type ATPase complex",7,1,0.47,"0.3829",2.12765957446809,"cluster8"
"GO:0044613","nuclear pore central transport channel",7,1,0.47,"0.3829",2.12765957446809,"cluster8"
"GO:0030897","HOPS complex",7,1,0.47,"0.3829",2.12765957446809,"cluster8"
"GO:0045121","membrane raft",7,1,0.47,"0.3829",2.12765957446809,"cluster8"
"GO:0030008","TRAPP complex",7,1,0.47,"0.3829",2.12765957446809,"cluster8"
"GO:0030863","cortical cytoskeleton",56,4,3.73,"0.3832",1.07238605898123,"cluster8"
"GO:0005634","nucleus",863,59,57.45,"0.3883",1.02697998259356,"cluster8"
"GO:0005743","mitochondrial inner membrane",105,8,6.99,"0.3995",1.1444921316166,"cluster8"
"GO:0031966","mitochondrial membrane",129,10,8.59,"0.4227",1.16414435389988,"cluster8"
"GO:0005684","U2-type spliceosomal complex",24,3,1.6,"0.4227",1.875,"cluster8"
"GO:0005773","vacuole",142,10,9.45,"0.4239",1.05820105820106,"cluster8"
"GO:0000176","nuclear exosome (RNase complex)",8,1,0.53,"0.4240",1.88679245283019,"cluster8"
"GO:0005849","mRNA cleavage factor complex",8,1,0.53,"0.4240",1.88679245283019,"cluster8"
"GO:0000776","kinetochore",8,1,0.53,"0.4240",1.88679245283019,"cluster8"
"GO:0008180","COP9 signalosome",8,1,0.53,"0.4240",1.88679245283019,"cluster8"
"GO:0019005","SCF ubiquitin ligase complex",8,1,0.53,"0.4240",1.88679245283019,"cluster8"
"GO:0000922","spindle pole",9,1,0.6,"0.4625",1.66666666666667,"cluster8"
"GO:0000123","histone acetyltransferase complex",9,1,0.6,"0.4625",1.66666666666667,"cluster8"
"GO:0061836","intranuclear rod",9,1,0.6,"0.4625",1.66666666666667,"cluster8"
"GO:0070603","SWI/SNF superfamily-type complex",10,1,0.67,"0.4983",1.49253731343284,"cluster8"
"GO:0060187","cell pole",10,1,0.67,"0.4983",1.49253731343284,"cluster8"
"GO:0005765","lysosomal membrane",25,2,1.66,"0.5035",1.20481927710843,"cluster8"
"GO:0071004","U2-type prespliceosome",11,1,0.73,"0.5318",1.36986301369863,"cluster8"
"GO:0005685","U1 snRNP",11,1,0.73,"0.5318",1.36986301369863,"cluster8"
"GO:0000407","phagophore assembly site",11,1,0.73,"0.5318",1.36986301369863,"cluster8"
"GO:0022625","cytosolic large ribosomal subunit",42,3,2.8,"0.5372",1.07142857142857,"cluster8"
"GO:0030670","phagocytic vesicle membrane",27,2,1.8,"0.5455",1.11111111111111,"cluster8"
"GO:0030027","lamellipodium",27,2,1.8,"0.5455",1.11111111111111,"cluster8"
"GO:0005905","clathrin-coated pit",20,2,1.33,"0.5624",1.50375939849624,"cluster8"
"GO:0031965","nuclear membrane",12,1,0.8,"0.5631",1.25,"cluster8"
"GO:0005768","endosome",119,8,7.92,"0.5694",1.01010101010101,"cluster8"
"GO:0005874","microtubule",35,3,2.33,"0.5835",1.28755364806867,"cluster8"
"GO:0005776","autophagosome",14,1,0.93,"0.6195",1.0752688172043,"cluster8"
"GO:0045335","phagocytic vesicle",313,113,75.28,"2.1e-06",1.50106269925611,"cluster9"
"GO:0005737","cytoplasm",2217,611,533.19,"0.0022",1.14593296948555,"cluster9"
"GO:0033180","proton-transporting V-type ATPase, V1 domain",6,5,1.44,"0.0038",3.47222222222222,"cluster9"
"GO:0046540","U4/U6 x U5 tri-snRNP complex",16,9,3.85,"0.0056",2.33766233766234,"cluster9"
"GO:0000932","P-body",19,10,4.57,"0.0065",2.18818380743982,"cluster9"
"GO:0005829","cytosol",530,146,127.46,"0.0087",1.1454573983995,"cluster9"
"GO:0005634","nucleus",863,237,207.55,"0.0092",1.14189351963382,"cluster9"
"GO:1990904","ribonucleoprotein complex",300,78,72.15,"0.0104",1.08108108108108,"cluster9"
"GO:0045254","pyruvate dehydrogenase complex",5,4,1.2,"0.0134",3.33333333333333,"cluster9"
"GO:0000139","Golgi membrane",46,18,11.06,"0.0159",1.62748643761302,"cluster9"
"GO:0060187","cell pole",10,6,2.4,"0.0161",2.5,"cluster9"
"GO:0031143","pseudopodium",44,17,10.58,"0.0215",1.60680529300567,"cluster9"
"GO:0031164","contractile vacuolar membrane",22,10,5.29,"0.0224",1.89035916824197,"cluster9"
"GO:0032433","filopodium tip",11,6,2.65,"0.0284",2.26415094339623,"cluster9"
"GO:0045239","tricarboxylic acid cycle enzyme complex",6,4,1.44,"0.0327",2.77777777777778,"cluster9"
"GO:0030126","COPI vesicle coat",9,5,2.16,"0.0417",2.31481481481481,"cluster9"
"GO:0031252","cell leading edge",91,28,21.89,"0.0424",1.27912288716309,"cluster9"
"GO:0036464","cytoplasmic ribonucleoprotein granule",28,14,6.73,"0.0447",2.08023774145617,"cluster9"
"GO:0005665","RNA polymerase II, core complex",12,6,2.89,"0.0455",2.07612456747405,"cluster9"
"GO:0005793","endoplasmic reticulum-Golgi intermediate compartment",12,6,2.89,"0.0455",2.07612456747405,"cluster9"
"GO:0099513","polymeric cytoskeletal fiber",58,20,13.95,"0.0572",1.4336917562724,"cluster9"
"GO:1905360","GTPase complex",13,5,3.13,"0.0577",1.59744408945687,"cluster9"
"GO:0061474","phagolysosome membrane",7,4,1.68,"0.0619",2.38095238095238,"cluster9"
"GO:0005688","U6 snRNP",7,4,1.68,"0.0619",2.38095238095238,"cluster9"
"GO:0097203","phagocytic cup lip",7,4,1.68,"0.0619",2.38095238095238,"cluster9"
"GO:0008250","oligosaccharyltransferase complex",7,4,1.68,"0.0619",2.38095238095238,"cluster9"
"GO:0005813","centrosome",53,18,12.75,"0.0656",1.41176470588235,"cluster9"
"GO:0005783","endoplasmic reticulum",202,63,48.58,"0.0664",1.29682997118156,"cluster9"
"GO:0005874","microtubule",35,12,8.42,"0.0670",1.42517814726841,"cluster9"
"GO:0005832","chaperonin-containing T-complex",10,5,2.4,"0.0672",2.08333333333333,"cluster9"
"GO:0005788","endoplasmic reticulum lumen",10,5,2.4,"0.0672",2.08333333333333,"cluster9"
"GO:0043231","intracellular membrane-bounded organelle",1974,549,474.75,"0.0796",1.1563981042654,"cluster9"
"GO:0032009","early phagosome",30,11,7.21,"0.0834",1.52565880721221,"cluster9"
"GO:1902494","catalytic complex",401,124,96.44,"0.0839",1.28577353795106,"cluster9"
"GO:0005759","mitochondrial matrix",94,27,22.61,"0.0879",1.19416187527643,"cluster9"
"GO:0098588","bounding membrane of organelle",214,71,51.47,"0.0884",1.3794443365067,"cluster9"
"GO:0008541","proteasome regulatory particle, lid subcomplex",5,3,1.2,"0.0936",2.5,"cluster9"
"GO:0005868","cytoplasmic dynein complex",5,3,1.2,"0.0936",2.5,"cluster9"
"GO:1990726","Lsm1-7-Pat1 complex",5,3,1.2,"0.0936",2.5,"cluster9"
"GO:0031209","SCAR complex",5,3,1.2,"0.0936",2.5,"cluster9"
"GO:0030130","clathrin coat of trans-Golgi network vesicle",5,3,1.2,"0.0936",2.5,"cluster9"
"GO:0031428","box C/D RNP complex",5,3,1.2,"0.0936",2.5,"cluster9"
"GO:0016282","eukaryotic 43S preinitiation complex",14,6,3.37,"0.0953",1.78041543026706,"cluster9"
"GO:0005736","RNA polymerase I complex",11,5,2.65,"0.0996",1.88679245283019,"cluster9"
"GO:0030134","COPII-coated ER to Golgi transport vesicle",24,10,5.77,"0.1001",1.73310225303293,"cluster9"
"GO:0070971","endoplasmic reticulum exit site",8,4,1.92,"0.1008",2.08333333333333,"cluster9"
"GO:0099738","cell cortex region",14,5,3.37,"0.1010",1.48367952522255,"cluster9"
"GO:0010008","endosome membrane",52,17,12.51,"0.1021",1.35891286970424,"cluster9"
"GO:0140220","pathogen-containing vacuole",56,18,13.47,"0.1042",1.33630289532294,"cluster9"
"GO:0005739","mitochondrion",433,112,104.14,"0.1057",1.07547532168235,"cluster9"
"GO:0005681","spliceosomal complex",63,17,15.15,"0.1281",1.12211221122112,"cluster9"
"GO:0005777","peroxisome",46,18,11.06,"0.1331",1.62748643761302,"cluster9"
"GO:0005732","sno(s)RNA-containing ribonucleoprotein complex",17,8,4.09,"0.1373",1.9559902200489,"cluster9"
"GO:0005778","peroxisomal membrane",12,5,2.89,"0.1383",1.73010380622837,"cluster9"
"GO:0008540","proteasome regulatory particle, base subcomplex",9,4,2.16,"0.1482",1.85185185185185,"cluster9"
"GO:0061836","intranuclear rod",9,4,2.16,"0.1482",1.85185185185185,"cluster9"
"GO:0030127","COPII vesicle coat",9,4,2.16,"0.1482",1.85185185185185,"cluster9"
"GO:0005794","Golgi apparatus",126,44,30.3,"0.1511",1.45214521452145,"cluster9"
"GO:0061695","transferase complex, transferring phosphorus-containing groups",73,23,17.56,"0.1529",1.30979498861048,"cluster9"
"GO:0016593","Cdc73/Paf1 complex",6,3,1.44,"0.1545",2.08333333333333,"cluster9"
"GO:0030122","AP-2 adaptor complex",6,3,1.44,"0.1545",2.08333333333333,"cluster9"
"GO:0005782","peroxisomal matrix",6,3,1.44,"0.1545",2.08333333333333,"cluster9"
"GO:0005786","signal recognition particle, endoplasmic reticulum targeting",6,3,1.44,"0.1545",2.08333333333333,"cluster9"
"GO:0000159","protein phosphatase type 2A complex",6,3,1.44,"0.1545",2.08333333333333,"cluster9"
"GO:0016459","myosin complex",13,5,3.13,"0.1824",1.59744408945687,"cluster9"
"GO:0005852","eukaryotic translation initiation factor 3 complex",13,5,3.13,"0.1824",1.59744408945687,"cluster9"
"GO:0030670","phagocytic vesicle membrane",27,11,6.49,"0.1828",1.69491525423729,"cluster9"
"GO:0005911","cell-cell junction",24,8,5.77,"0.2000",1.38648180242634,"cluster9"
"GO:0070603","SWI/SNF superfamily-type complex",10,4,2.4,"0.2021",1.66666666666667,"cluster9"
"GO:0005789","endoplasmic reticulum membrane",115,34,27.66,"0.2165",1.2292118582791,"cluster9"
"GO:1990234","transferase complex",156,42,37.52,"0.2206",1.11940298507463,"cluster9"
"GO:0030863","cortical cytoskeleton",56,19,13.47,"0.2216",1.4105419450631,"cluster9"
"GO:0000118","histone deacetylase complex",7,3,1.68,"0.2240",1.78571428571429,"cluster9"
"GO:0045259","proton-transporting ATP synthase complex",7,3,1.68,"0.2240",1.78571428571429,"cluster9"
"GO:0042641","actomyosin",7,3,1.68,"0.2240",1.78571428571429,"cluster9"
"GO:0016471","vacuolar proton-transporting V-type ATPase complex",7,3,1.68,"0.2240",1.78571428571429,"cluster9"
"GO:0030864","cortical actin cytoskeleton",49,16,11.78,"0.2281",1.35823429541596,"cluster9"
"GO:0070685","macropinocytic cup",22,8,5.29,"0.2299",1.51228733459357,"cluster9"
"GO:0033290","eukaryotic 48S preinitiation complex",14,5,3.37,"0.2308",1.48367952522255,"cluster9"
"GO:0043232","intracellular non-membrane-bounded organelle",703,186,169.07,"0.2366",1.10013603832732,"cluster9"
"GO:1904949","ATPase complex",30,15,7.21,"0.2385",2.08044382801664,"cluster9"
"GO:0005798","Golgi-associated vesicle",17,10,4.09,"0.2391",2.44498777506112,"cluster9"
"GO:0033178","proton-transporting two-sector ATPase complex, catalytic domain",7,6,1.68,"0.2395",3.57142857142857,"cluster9"
"GO:0097525","spliceosomal snRNP complex",37,13,8.9,"0.2396",1.46067415730337,"cluster9"
"GO:0022624","proteasome accessory complex",18,8,4.33,"0.2397",1.84757505773672,"cluster9"
"GO:0030118","clathrin coat",14,6,3.37,"0.2400",1.78041543026706,"cluster9"
"GO:0030140","trans-Golgi network transport vesicle",6,4,1.44,"0.2400",2.77777777777778,"cluster9"
"GO:0043596","nuclear replication fork",8,2,1.92,"0.2407",1.04166666666667,"cluster9"
"GO:0140534","endoplasmic reticulum protein-containing complex",36,13,8.66,"0.2438",1.50115473441109,"cluster9"
"GO:0030136","clathrin-coated vesicle",17,8,4.09,"0.2444",1.9559902200489,"cluster9"
"GO:0005765","lysosomal membrane",25,10,6.01,"0.2479",1.66389351081531,"cluster9"
"GO:0031201","SNARE complex",26,8,6.25,"0.2743",1.28,"cluster9"
"GO:0071013","catalytic step 2 spliceosome",31,9,7.46,"0.2745",1.20643431635389,"cluster9"
"GO:0005938","cell cortex",141,41,33.91,"0.2807",1.20908286641109,"cluster9"
"GO:0005666","RNA polymerase III complex",15,5,3.61,"0.2823",1.38504155124654,"cluster9"
"GO:0005802","trans-Golgi network",15,5,3.61,"0.2823",1.38504155124654,"cluster9"
"GO:0005643","nuclear pore",28,7,6.73,"0.2833",1.04011887072808,"cluster9"
"GO:0000502","proteasome complex",41,14,9.86,"0.2957",1.41987829614604,"cluster9"
"GO:1990204","oxidoreductase complex",40,12,9.62,"0.2969",1.24740124740125,"cluster9"
"GO:0019005","SCF ubiquitin ligase complex",8,3,1.92,"0.2978",1.5625,"cluster9"
