Kegg.ID,Term,Annotated
ddi01100,Metabolic pathways,534
ddi01110,Biosynthesis of secondary metabolites,242
ddi01200,Carbon metabolism,97
ddi03010,Ribosome,95
ddi01240,Biosynthesis of cofactors,77
ddi03040,Spliceosome,74
ddi04144,Endocytosis,65
ddi04141,Protein processing in endoplasmic reticulum,64
ddi01230,Biosynthesis of amino acids,56
ddi03008,Ribosome biogenesis in eukaryotes,55
ddi00190,Oxidative phosphorylation,51
ddi04142,Lysosome,49
ddi04145,Phagosome,48
ddi03013,Nucleocytoplasmic transport,48
ddi00230,Purine metabolism,47
ddi01232,Nucleotide metabolism,42
ddi03018,RNA degradation,40
ddi00970,Aminoacyl-tRNA biosynthesis,39
ddi04146,Peroxisome,36
ddi04814,Motor proteins,35
ddi03050,Proteasome,35
ddi00630,Glyoxylate and dicarboxylate metabolism,34
ddi00280,"Valine, leucine and isoleucine degradation",32
ddi03015,mRNA surveillance pathway,31
ddi00240,Pyrimidine metabolism,31
ddi00620,Pyruvate metabolism,30
ddi00010,Glycolysis / Gluconeogenesis,30
ddi01210,2-Oxocarboxylic acid metabolism,30
ddi00020,Citrate cycle (TCA cycle),30
ddi04148,Efferocytosis,30
ddi05100,Bacterial invasion of epithelial cells,30
ddi03420,Nucleotide excision repair,29
ddi00640,Propanoate metabolism,28
ddi04120,Ubiquitin mediated proteolysis,27
ddi00270,Cysteine and methionine metabolism,26
ddi00500,Starch and sucrose metabolism,26
ddi03020,RNA polymerase,24
ddi04070,Phosphatidylinositol signaling system,23
ddi00564,Glycerophospholipid metabolism,22
ddi00250,"Alanine, aspartate and glutamate metabolism",22
ddi00410,beta-Alanine metabolism,22
ddi01250,Biosynthesis of nucleotide sugars,22
ddi01212,Fatty acid metabolism,22
ddi00520,Amino sugar and nucleotide sugar metabolism,22
ddi00480,Glutathione metabolism,22
ddi00670,One carbon pool by folate,22
ddi00562,Inositol phosphate metabolism,21
ddi03060,Protein export,20
ddi03410,Base excision repair,20
ddi03082,ATP-dependent chromatin remodeling,20
ddi00380,Tryptophan metabolism,19
ddi03030,DNA replication,19
ddi00260,"Glycine, serine and threonine metabolism",19
ddi00710,Carbon fixation by Calvin cycle,18
ddi04820,Cytoskeleton in muscle cells,18
ddi00030,Pentose phosphate pathway,18
ddi04130,SNARE interactions in vesicular transport,17
ddi00051,Fructose and mannose metabolism,17
ddi00900,Terpenoid backbone biosynthesis,17
ddi00071,Fatty acid degradation,17
ddi00510,N-Glycan biosynthesis,16
ddi00513,Various types of N-glycan biosynthesis,15
ddi00785,Lipoic acid metabolism,15
ddi00790,Folate biosynthesis,15
ddi00330,Arginine and proline metabolism,15
ddi00561,Glycerolipid metabolism,14
ddi00600,Sphingolipid metabolism,14
ddi03430,Mismatch repair,14
ddi00310,Lysine degradation,13
ddi00220,Arginine biosynthesis,13
ddi02010,ABC transporters,12
ddi00860,Porphyrin metabolism,12
ddi04620,Toll-like receptor signaling pathway,12
ddi04136,Autophagy - other,12
ddi03250,Viral life cycle - HIV-1,12
ddi00052,Galactose metabolism,12
ddi00100,Steroid biosynthesis,12
ddi00650,Butanoate metabolism,12
ddi00350,Tyrosine metabolism,11
ddi03022,Basal transcription factors,11
ddi00770,Pantothenate and CoA biosynthesis,11
ddi03083,Polycomb repressive complex,10
ddi00062,Fatty acid elongation,9
ddi00340,Histidine metabolism,9
ddi04981,Folate transport and metabolism,9
ddi00920,Sulfur metabolism,9
ddi01040,Biosynthesis of unsaturated fatty acids,8
ddi00360,Phenylalanine metabolism,8
ddi04382,Cornified envelope formation,8
ddi04081,Hormone signaling,8
ddi00450,Selenocompound metabolism,8
ddi00541,Biosynthesis of various nucleotide sugars,8
ddi00130,Ubiquinone and other terpenoid-quinone biosynthesis,8
ddi03440,Homologous recombination,7
ddi03460,Fanconi anemia pathway,7
ddi00760,Nicotinate and nicotinamide metabolism,7
ddi00730,Thiamine metabolism,7
ddi00565,Ether lipid metabolism,7
ddi00511,Other glycan degradation,7
ddi00061,Fatty acid biosynthesis,7
ddi00910,Nitrogen metabolism,7
ddi04122,Sulfur relay system,6
ddi04082,Neuroactive ligand signaling,5
ddi00750,Vitamin B6 metabolism,5
ddi00040,Pentose and glucuronate interconversions,5
ddi00053,Ascorbate and aldarate metabolism,5
ddi00592,alpha-Linolenic acid metabolism,5
ddi00460,Cyanoamino acid metabolism,5
ddi03272,Virion - Hepatitis viruses,5
ddi00300,Lysine biosynthesis,5
ddi00531,Glycosaminoglycan degradation,4
ddi00430,Taurine and hypotaurine metabolism,4
ddi00400,"Phenylalanine, tyrosine and tryptophan biosynthesis",4
ddi04980,Cobalamin transport and metabolism,4
ddi00563,Glycosylphosphatidylinositol (GPI)-anchor biosynthesis,4
ddi00470,D-Amino acid metabolism,4
ddi01320,Sulfur cycle,3
ddi00999,"Biosynthesis of various plant secondary metabolites; Including: Crocin biosynthesis, Ginsenoside biosynthesis, Saponin adjuvant biosynthesis, Cannabidiol biosynthesis, Mugineic acid biosynthesis, Pentagalloylglucose biosynthesis, Benzoxazinoid biosynthesis, Gramine biosynthesis, Coumarin biosynthesis, Furanocoumarin biosynthesis, Hordatine biosynthesis, Podophyllotoxin biosynthesis",3
ddi00603,Glycosphingolipid biosynthesis - globo and isoglobo series,3
ddi00604,Glycosphingolipid biosynthesis - ganglio series,3
ddi00590,Arachidonic acid metabolism,3
ddi03450,Non-homologous end-joining,3
ddi00232,Caffeine metabolism,2
ddi00440,Phosphonate and phosphinate metabolism,2
ddi00740,Riboflavin metabolism,2
ddi00290,"Valine, leucine and isoleucine biosynthesis",2
ddi00780,Biotin metabolism,1
ddi04977,Vitamin digestion and absorption,1
