Kegg.ID,Term,Annotated
ddi01100,Metabolic pathways,333
ddi01110,Biosynthesis of secondary metabolites,163
ddi01200,Carbon metabolism,79
ddi03010,Ribosome,75
ddi01240,Biosynthesis of cofactors,56
ddi04141,Protein processing in endoplasmic reticulum,48
ddi01230,Biosynthesis of amino acids,46
ddi00230,Purine metabolism,36
ddi04144,Endocytosis,35
ddi04145,Phagosome,33
ddi00190,Oxidative phosphorylation,32
ddi03050,Proteasome,31
ddi03008,Ribosome biogenesis in eukaryotes,30
ddi01210,2-Oxocarboxylic acid metabolism,28
ddi03040,Spliceosome,28
ddi00280,"Valine, leucine and isoleucine degradation",28
ddi04814,Motor proteins,28
ddi00020,Citrate cycle (TCA cycle),27
ddi04146,Peroxisome,27
ddi01232,Nucleotide metabolism,27
ddi00970,Aminoacyl-tRNA biosynthesis,27
ddi00630,Glyoxylate and dicarboxylate metabolism,27
ddi00010,Glycolysis / Gluconeogenesis,26
ddi00620,Pyruvate metabolism,24
ddi00640,Propanoate metabolism,22
ddi03013,Nucleocytoplasmic transport,20
ddi04142,Lysosome,20
ddi00670,One carbon pool by folate,19
ddi00270,Cysteine and methionine metabolism,19
ddi03018,RNA degradation,19
ddi05100,Bacterial invasion of epithelial cells,18
ddi00240,Pyrimidine metabolism,18
ddi00410,beta-Alanine metabolism,17
ddi00520,Amino sugar and nucleotide sugar metabolism,17
ddi01250,Biosynthesis of nucleotide sugars,17
ddi04120,Ubiquitin mediated proteolysis,16
ddi00260,"Glycine, serine and threonine metabolism",16
ddi03015,mRNA surveillance pathway,16
ddi03420,Nucleotide excision repair,16
ddi01212,Fatty acid metabolism,16
ddi00030,Pentose phosphate pathway,16
ddi00710,Carbon fixation by Calvin cycle,16
ddi00250,"Alanine, aspartate and glutamate metabolism",16
ddi00071,Fatty acid degradation,15
ddi00380,Tryptophan metabolism,15
ddi00051,Fructose and mannose metabolism,14
ddi00785,Lipoic acid metabolism,14
ddi00480,Glutathione metabolism,14
ddi03082,ATP-dependent chromatin remodeling,14
ddi00500,Starch and sucrose metabolism,13
ddi04148,Efferocytosis,13
ddi00220,Arginine biosynthesis,12
ddi03060,Protein export,12
ddi03410,Base excision repair,12
ddi04820,Cytoskeleton in muscle cells,12
ddi00330,Arginine and proline metabolism,11
ddi03020,RNA polymerase,11
ddi00900,Terpenoid backbone biosynthesis,10
ddi00790,Folate biosynthesis,10
ddi00310,Lysine degradation,10
ddi03030,DNA replication,10
ddi00770,Pantothenate and CoA biosynthesis,9
ddi00650,Butanoate metabolism,9
ddi04070,Phosphatidylinositol signaling system,9
ddi00340,Histidine metabolism,9
ddi00052,Galactose metabolism,9
ddi00350,Tyrosine metabolism,8
ddi03430,Mismatch repair,8
ddi00860,Porphyrin metabolism,8
ddi03250,Viral life cycle - HIV-1,7
ddi00760,Nicotinate and nicotinamide metabolism,7
ddi00562,Inositol phosphate metabolism,7
ddi00541,Biosynthesis of various nucleotide sugars,7
ddi04130,SNARE interactions in vesicular transport,7
ddi04382,Cornified envelope formation,7
ddi00920,Sulfur metabolism,6
ddi01040,Biosynthesis of unsaturated fatty acids,6
ddi00450,Selenocompound metabolism,6
ddi00061,Fatty acid biosynthesis,6
ddi00360,Phenylalanine metabolism,6
ddi00600,Sphingolipid metabolism,6
ddi00910,Nitrogen metabolism,6
ddi00062,Fatty acid elongation,5
ddi04620,Toll-like receptor signaling pathway,5
ddi03083,Polycomb repressive complex,5
ddi00561,Glycerolipid metabolism,5
ddi00592,alpha-Linolenic acid metabolism,5
ddi00564,Glycerophospholipid metabolism,5
ddi00510,N-Glycan biosynthesis,5
ddi04136,Autophagy - other,4
ddi00100,Steroid biosynthesis,4
ddi00040,Pentose and glucuronate interconversions,4
ddi00730,Thiamine metabolism,4
ddi00513,Various types of N-glycan biosynthesis,4
ddi03272,Virion - Hepatitis viruses,4
ddi00053,Ascorbate and aldarate metabolism,4
ddi00460,Cyanoamino acid metabolism,3
ddi00999,"Biosynthesis of various plant secondary metabolites; Including: Crocin biosynthesis, Ginsenoside biosynthesis, Saponin adjuvant biosynthesis, Cannabidiol biosynthesis, Mugineic acid biosynthesis, Pentagalloylglucose biosynthesis, Benzoxazinoid biosynthesis, Gramine biosynthesis, Coumarin biosynthesis, Furanocoumarin biosynthesis, Hordatine biosynthesis, Podophyllotoxin biosynthesis",3
ddi00400,"Phenylalanine, tyrosine and tryptophan biosynthesis",3
ddi00750,Vitamin B6 metabolism,3
ddi00511,Other glycan degradation,3
ddi03440,Homologous recombination,3
ddi00590,Arachidonic acid metabolism,3
ddi04980,Cobalamin transport and metabolism,3
ddi04122,Sulfur relay system,2
ddi00232,Caffeine metabolism,2
ddi00290,"Valine, leucine and isoleucine biosynthesis",2
ddi00300,Lysine biosynthesis,2
ddi04082,Neuroactive ligand signaling,2
ddi04081,Hormone signaling,2
ddi04981,Folate transport and metabolism,2
ddi00130,Ubiquinone and other terpenoid-quinone biosynthesis,2
ddi03450,Non-homologous end-joining,1
ddi00604,Glycosphingolipid biosynthesis - ganglio series,1
ddi00430,Taurine and hypotaurine metabolism,1
ddi00470,D-Amino acid metabolism,1
ddi02010,ABC transporters,1
ddi00531,Glycosaminoglycan degradation,1
ddi03460,Fanconi anemia pathway,1
ddi01320,Sulfur cycle,1
ddi00565,Ether lipid metabolism,1
ddi00603,Glycosphingolipid biosynthesis - globo and isoglobo series,1
ddi00440,Phosphonate and phosphinate metabolism,1
ddi00740,Riboflavin metabolism,1
ddi03022,Basal transcription factors,1
ddi00563,Glycosylphosphatidylinositol (GPI)-anchor biosynthesis,1
