GO.ID,Term,Annotated,Significant,Expected,Fis,Stage,Enrichment
GO:0003735,structural constituent of ribosome,123,90,55.4,1.2e-10,Continuous expression proteome,1.6245487364620939
GO:0003743,translation initiation factor activity,45,34,20.27,2.8e-05,Continuous expression proteome,1.6773556980759743
GO:0051015,actin filament binding,80,53,36.03,9.0e-05,Continuous expression proteome,1.4709963918956426
GO:0140662,ATP-dependent protein folding chaperone,24,20,10.81,0.00013,Continuous expression proteome,1.8501387604070305
GO:0042802,identical protein binding,46,32,20.72,0.00063,Continuous expression proteome,1.5444015444015444
GO:0051082,unfolded protein binding,41,29,18.47,0.00074,Continuous expression proteome,1.5701136978884678
GO:0004812,aminoacyl-tRNA ligase activity,36,26,16.22,0.00084,Continuous expression proteome,1.6029593094944514
GO:0046961,"proton-transporting ATPase activity, rotational mechanism",12,11,5.41,0.00107,Continuous expression proteome,2.033271719038817
GO:0016616,"oxidoreductase activity, acting on the CH-OH group of donors, NAD or NADP as acceptor",40,29,18.02,0.00135,Continuous expression proteome,1.609322974472808
GO:0051287,NAD binding,20,16,9.01,0.00151,Continuous expression proteome,1.7758046614872365
GO:0004029,aldehyde dehydrogenase (NAD+) activity,11,10,4.95,0.0022,Continuous expression proteome,2.0202020202020203
GO:0005200,structural constituent of cytoskeleton,11,10,4.95,0.0022,Continuous expression proteome,2.0202020202020203
GO:0051087,protein-folding chaperone binding,20,13,9.01,0.00222,Continuous expression proteome,1.4428412874583796
GO:0008483,transaminase activity,16,13,7.21,0.00343,Continuous expression proteome,1.8030513176144245
GO:0009055,electron transfer activity,35,21,15.76,0.00344,Continuous expression proteome,1.33248731
GO:0016879,"ligase activity, forming carbon-nitrogen bonds",24,18,10.81,0.00443,Continuous expression proteome,1.6651248843663273
GO:0016836,hydro-lyase activity,23,17,10.36,0.00471,Continuous expression proteome,1.640926640926641
GO:0030170,pyridoxal phosphate binding,30,21,13.51,0.00492,Continuous expression proteome,1.5544041450777202
GO:0000049,tRNA binding,32,22,14.41,0.00565,Continuous expression proteome,1.5267175572519083
GO:0046872,metal ion binding,646,303,290.97,0.00611,Continuous expression proteome,1.0413444685019073
GO:0000166,nucleotide binding,703,365,316.65,0.00755,Continuous expression proteome,1.1526922469603664
GO:0000146,microfilament motor activity,12,10,5.41,0.00786,Continuous expression proteome,1.8484288354898335
GO:0015078,proton transmembrane transporter activity,29,24,13.06,0.00807,Continuous expression proteome,1.8376722817764164
GO:0036402,proteasome-activating activity,6,6,2.7,0.00831,Continuous expression proteome,2.222222222222222
GO:0003950,NAD+ ADP-ribosyltransferase activity,6,6,2.7,0.00831,Continuous expression proteome,2.222222222222222
GO:0031593,polyubiquitin modification-dependent protein binding,6,6,2.7,0.00831,Continuous expression proteome,2.222222222222222
GO:0016624,"oxidoreductase activity, acting on the aldehyde or oxo group of donors, disulfide as acceptor",6,6,2.7,0.00831,Continuous expression proteome,2.222222222222222
GO:0017022,myosin binding,22,18,9.91,0.0089,Continuous expression proteome,1.8163471241170535
GO:0046912,"acyltransferase activity, acyl groups converted into alkyl on transfer",9,8,4.05,0.00907,Continuous expression proteome,1.9753086419753088
GO:0070006,metalloaminopeptidase activity,9,8,4.05,0.00907,Continuous expression proteome,1.9753086419753088
GO:0005525,GTP binding,140,77,63.06,0.01007,Continuous expression proteome,1.2210593085949888
GO:0003729,mRNA binding,79,47,35.58,0.01085,Continuous expression proteome,1.320966835300731
GO:0003756,protein disulfide isomerase activity,8,7,3.6,0.01813,Continuous expression proteome,1.9444444444444444
GO:0031369,translation initiation factor binding,8,7,3.6,0.01813,Continuous expression proteome,1.9444444444444444
GO:0030552,cAMP binding,8,7,3.6,0.01813,Continuous expression proteome,1.9444444444444444
GO:0030527,structural constituent of chromatin,8,7,3.6,0.01813,Continuous expression proteome,1.9444444444444444
GO:0016868,"intramolecular transferase activity, phosphotransferases",8,7,3.6,0.01813,Continuous expression proteome,1.9444444444444444
GO:0016620,"oxidoreductase activity, acting on the aldehyde or oxo group of donors, NAD or NADP as acceptor",16,15,7.21,0.01818,Continuous expression proteome,2.0804438280166435
GO:0004177,aminopeptidase activity,14,13,6.31,0.01825,Continuous expression proteome,2.0602218700475436
GO:0030276,clathrin binding,11,9,4.95,0.0184,Continuous expression proteome,1.8181818181818181
GO:0004175,endopeptidase activity,54,28,24.32,0.01842,Continuous expression proteome,1.1513157894736843
GO:0017024,myosin I binding,5,5,2.25,0.01848,Continuous expression proteome,2.2222222222222223
GO:0019904,protein domain specific binding,5,5,2.25,0.01848,Continuous expression proteome,2.2222222222222223
GO:0016421,CoA carboxylase activity,5,5,2.25,0.01848,Continuous expression proteome,2.2222222222222223
GO:0030234,enzyme regulator activity,199,79,89.63,0.01922,Continuous expression proteome,0.8814013165234855
GO:0016779,nucleotidyltransferase activity,65,29,29.28,0.02077,Continuous expression proteome,0.9904371584699453
GO:0005515,protein binding,676,364,304.49,0.02309,Continuous expression proteome,1.1954415580150415
GO:0043022,ribosome binding,29,19,13.06,0.02405,Continuous expression proteome,1.454823889739663
GO:0003723,RNA binding,370,207,166.66,0.02725,Continuous expression proteome,1.2420496819872795
GO:0005547,"phosphatidylinositol-3,4,5-trisphosphate binding",12,9,5.41,0.03557,Continuous expression proteome,1.6635859519408502
GO:0008139,nuclear localization sequence binding,7,6,3.15,0.03575,Continuous expression proteome,1.9047619047619049
GO:0016742,"hydroxymethyl-, formyl- and related transferase activity",7,6,3.15,0.03575,Continuous expression proteome,1.9047619047619049
GO:0032036,myosin heavy chain binding,7,6,3.15,0.03575,Continuous expression proteome,1.9047619047619049
GO:0008047,enzyme activator activity,99,39,44.59,0.03706,Continuous expression proteome,0.8746355685131195
GO:0051539,"4 iron, 4 sulfur cluster binding",21,14,9.46,0.03778,Continuous expression proteome,1.4799154334038054
GO:0003924,GTPase activity,111,62,50,0.04106,Continuous expression proteome,1.24
GO:0070008,serine-type exopeptidase activity,14,10,6.31,0.04261,Continuous expression proteome,1.5847860538827259
GO:0016667,"oxidoreductase activity, acting on a sulfur group of donors",21,15,9.46,0.04936,Continuous expression proteome,1.5856236786469342
GO:0008239,dipeptidyl-peptidase activity,9,7,4.05,0.04983,Continuous expression proteome,1.7283950617283952
GO:0019239,deaminase activity,14,8,6.31,0.05005,Continuous expression proteome,1.2678288431061808
GO:0019843,rRNA binding,35,21,15.76,0.05328,Continuous expression proteome,1.33248731
GO:0000287,magnesium ion binding,43,25,19.37,0.0571,Continuous expression proteome,1.2906556530717603
GO:0003925,G protein activity,11,8,4.95,0.06102,Continuous expression proteome,1.6161616161616161
GO:0016638,"oxidoreductase activity, acting on the CH-NH2 group of donors",6,5,2.7,0.06932,Continuous expression proteome,1.8518518518518516
GO:0015291,secondary active transmembrane transporter activity,6,5,2.7,0.06932,Continuous expression proteome,1.8518518518518516
GO:0046933,"proton-transporting ATP synthase activity, rotational mechanism",6,5,2.7,0.06932,Continuous expression proteome,1.8518518518518516
GO:0003785,actin monomer binding,13,9,5.86,0.0699,Continuous expression proteome,1.5358361774744027
GO:0005524,ATP binding,458,221,206.29,0.07657,Continuous expression proteome,1.0713073828106066
GO:0004364,glutathione transferase activity,17,11,7.66,0.08263,Continuous expression proteome,1.4360313315926894
GO:0043021,ribonucleoprotein complex binding,37,25,16.67,0.08703,Continuous expression proteome,1.4997000599880022
GO:0016830,carbon-carbon lyase activity,29,19,13.06,0.08767,Continuous expression proteome,1.454823889739663
GO:0097602,cullin family protein binding,8,6,3.6,0.08861,Continuous expression proteome,1.6666666666666665
GO:0016884,"carbon-nitrogen ligase activity, with glutamine as amido-N-donor",8,6,3.6,0.08861,Continuous expression proteome,1.6666666666666665
GO:0016812,"hydrolase activity, acting on carbon-nitrogen (but not peptide) bonds, in cyclic amides",8,6,3.6,0.08861,Continuous expression proteome,1.6666666666666665
GO:0022853,active monoatomic ion transmembrane transporter activity,28,19,12.61,0.09047,Continuous expression proteome,1.506740681998414
GO:0016831,carboxy-lyase activity,21,13,9.46,0.09076,Continuous expression proteome,1.3742071881606763
GO:0015453,oxidoreduction-driven active transmembrane transporter activity,22,11,9.91,0.09138,Continuous expression proteome,1.1099899091826437
GO:0071949,FAD binding,25,15,11.26,0.09593,Continuous expression proteome,1.3321492007104796
GO:0030145,manganese ion binding,10,7,4.5,0.10217,Continuous expression proteome,1.5555555555555556
GO:0005504,fatty acid binding,12,8,5.41,0.11192,Continuous expression proteome,1.478743068391867
GO:0016405,CoA-ligase activity,12,8,5.41,0.11192,Continuous expression proteome,1.478743068391867
GO:0044877,protein-containing complex binding,183,113,82.43,0.11378,Continuous expression proteome,1.3708601237413562
GO:0019887,protein kinase regulator activity,45,22,20.27,0.12478,Continuous expression proteome,1.0853478046373952
GO:0070402,NADPH binding,5,4,2.25,0.13147,Continuous expression proteome,1.7777777777777777
GO:0015926,glucosidase activity,5,4,2.25,0.13147,Continuous expression proteome,1.7777777777777777
GO:0008143,poly(A) binding,5,4,2.25,0.13147,Continuous expression proteome,1.7777777777777777
GO:0004033,aldo-keto reductase (NADP) activity,5,4,2.25,0.13147,Continuous expression proteome,1.7777777777777777
GO:0004687,myosin light chain kinase activity,5,4,2.25,0.13147,Continuous expression proteome,1.7777777777777777
GO:0030976,thiamine pyrophosphate binding,5,4,2.25,0.13147,Continuous expression proteome,1.7777777777777777
GO:0016861,"intramolecular oxidoreductase activity, interconverting aldoses and ketoses",5,4,2.25,0.13147,Continuous expression proteome,1.7777777777777777
GO:0003689,DNA clamp loader activity,5,4,2.25,0.13147,Continuous expression proteome,1.7777777777777777
GO:0016841,ammonia-lyase activity,5,4,2.25,0.13147,Continuous expression proteome,1.7777777777777777
GO:0070003,threonine-type peptidase activity,5,4,2.25,0.13147,Continuous expression proteome,1.7777777777777777
GO:0016787,hydrolase activity,728,350,327.91,0.14753,Continuous expression proteome,1.067366045561282
GO:0043169,cation binding,659,311,296.83,0.1477,Continuous expression proteome,1.047737762355557
GO:0016740,transferase activity,578,235,260.34,0.15009,Continuous expression proteome,0.9026657447952678
GO:0016878,acid-thiol ligase activity,14,10,6.31,0.15256,Continuous expression proteome,1.5847860538827259
GO:0015645,fatty acid ligase activity,7,5,3.15,0.15324,Continuous expression proteome,1.5873015873015874
GO:0019205,nucleobase-containing compound kinase activity,23,12,10.36,0.15332,Continuous expression proteome,1.1583011583011584
GO:0044183,protein folding chaperone,33,26,14.86,0.16216,Continuous expression proteome,1.749663526244953
