GO.ID,Term,Annotated,Significant,Expected,Fis,Stage,Enrichment
GO:0045335,phagocytic vesicle,313,260,139.53,< 1e-30,Continuous expression proteome,1.8633985522826633
GO:0005829,cytosol,530,336,236.26,1.5e-13,Continuous expression proteome,1.4221620248878355
GO:0005737,cytoplasm,2217,1188,988.27,5.1e-10,Continuous expression proteome,1.2021006405132202
GO:0031012,extracellular matrix,143,97,63.75,9.0e-09,Continuous expression proteome,1.5215686274509803
GO:0140220,pathogen-containing vacuole,56,45,24.96,3.6e-08,Continuous expression proteome,1.8028846153846154
GO:0022627,cytosolic small ribosomal subunit,28,25,12.48,9.5e-07,Continuous expression proteome,2.003205128205128
GO:0022625,cytosolic large ribosomal subunit,42,34,18.72,1.3e-06,Continuous expression proteome,1.8162393162393164
GO:0033290,eukaryotic 48S preinitiation complex,14,14,6.24,1.2e-05,Continuous expression proteome,2.2435897435897436
GO:0016282,eukaryotic 43S preinitiation complex,14,14,6.24,1.2e-05,Continuous expression proteome,2.2435897435897436
GO:0005852,eukaryotic translation initiation factor 3 complex,13,13,5.8,2.7e-05,Continuous expression proteome,2.241379310344828
GO:0031164,contractile vacuolar membrane,22,18,9.81,0.00038,Continuous expression proteome,1.8348623853211008
GO:0008540,"proteasome regulatory particle, base subcomplex",9,9,4.01,0.00069,Continuous expression proteome,2.2443890274314215
GO:0005759,mitochondrial matrix,94,59,41.9,0.00105,Continuous expression proteome,1.4081145584725538
GO:0032009,early phagosome,30,22,13.37,0.0013,Continuous expression proteome,1.6454749439042633
GO:0030175,filopodium,28,21,12.48,0.00161,Continuous expression proteome,1.6826923076923077
GO:0032154,cleavage furrow,17,14,7.58,0.00163,Continuous expression proteome,1.8469656992084433
GO:0010008,endosome membrane,52,33,23.18,0.00185,Continuous expression proteome,1.4236410698878343
GO:0030864,cortical actin cytoskeleton,49,34,21.84,0.0021,Continuous expression proteome,1.5567765567765568
GO:0005811,lipid droplet,71,44,31.65,0.00218,Continuous expression proteome,1.3902053712480253
GO:0019774,"proteasome core complex, beta-subunit complex",7,7,3.12,0.00347,Continuous expression proteome,2.2435897435897436
GO:0005788,endoplasmic reticulum lumen,10,9,4.46,0.00412,Continuous expression proteome,2.0179372197309418
GO:1990904,ribonucleoprotein complex,300,179,133.73,0.0044,Continuous expression proteome,1.3385179092200703
GO:1902494,catalytic complex,401,217,178.75,0.0047,Continuous expression proteome,1.213986013986014
GO:0030670,phagocytic vesicle membrane,27,20,12.04,0.00558,Continuous expression proteome,1.6611295681063125
GO:0005777,peroxisome,46,30,20.51,0.00667,Continuous expression proteome,1.462701121404193
GO:0005874,microtubule,35,23,15.6,0.00679,Continuous expression proteome,1.4743589743589745
GO:0015629,actin cytoskeleton,115,75,51.26,0.00731,Continuous expression proteome,1.463129145532579
GO:0016272,prefoldin complex,6,6,2.67,0.00781,Continuous expression proteome,2.247191011235955
GO:0045239,tricarboxylic acid cycle enzyme complex,6,6,2.67,0.00781,Continuous expression proteome,2.247191011235955
GO:0010494,cytoplasmic stress granule,6,6,2.67,0.00781,Continuous expression proteome,2.247191011235955
GO:0033180,"proton-transporting V-type ATPase, V1 domain",6,6,2.67,0.00781,Continuous expression proteome,2.247191011235955
GO:0061851,leading edge of lamellipodium,6,6,2.67,0.00781,Continuous expression proteome,2.247191011235955
GO:0061695,"transferase complex, transferring phosphorus-containing groups",73,28,32.54,0.00804,Continuous expression proteome,0.86047941
GO:0031143,pseudopodium,44,28,19.61,0.00815,Continuous expression proteome,1.4278429372768995
GO:0005730,nucleolus,155,85,69.09,0.01115,Continuous expression proteome,1.2302793457808654
GO:0001891,phagocytic cup,39,27,17.39,0.01273,Continuous expression proteome,1.5526164462334675
GO:0070971,endoplasmic reticulum exit site,8,7,3.57,0.01697,Continuous expression proteome,1.9607843137254903
GO:0008180,COP9 signalosome,8,7,3.57,0.01697,Continuous expression proteome,1.9607843137254903
GO:0005840,ribosome,133,97,59.29,0.01751,Continuous expression proteome,1.6360263113509868
GO:0008541,"proteasome regulatory particle, lid subcomplex",5,5,2.23,0.01754,Continuous expression proteome,2.242152466367713
GO:0045254,pyruvate dehydrogenase complex,5,5,2.23,0.01754,Continuous expression proteome,2.242152466367713
GO:0005868,cytoplasmic dynein complex,5,5,2.23,0.01754,Continuous expression proteome,2.242152466367713
GO:0030130,clathrin coat of trans-Golgi network vesicle,5,5,2.23,0.01754,Continuous expression proteome,2.242152466367713
GO:0016459,myosin complex,13,10,5.8,0.01869,Continuous expression proteome,1.7241379310344829
GO:0031254,cell trailing edge,15,11,6.69,0.02332,Continuous expression proteome,1.6442451420029895
GO:0005634,nucleus,863,390,384.7,0.0254,Continuous expression proteome,1.0137769690668053
GO:0005832,chaperonin-containing T-complex,10,8,4.46,0.02555,Continuous expression proteome,1.7937219730941705
GO:0060187,cell pole,10,8,4.46,0.02555,Continuous expression proteome,1.7937219730941705
GO:0031982,vesicle,507,356,226.01,0.02673,Continuous expression proteome,1.5751515419671696
GO:0005884,actin filament,23,15,10.25,0.02742,Continuous expression proteome,1.4634146341463414
GO:0005739,mitochondrion,433,228,193.02,0.03008,Continuous expression proteome,1.181224743549891
GO:0032010,phagolysosome,19,14,8.47,0.03279,Continuous expression proteome,1.652892561983471
GO:0005938,cell cortex,141,82,62.85,0.03349,Continuous expression proteome,1.3046937151949085
GO:0045259,proton-transporting ATP synthase complex,7,6,3.12,0.03381,Continuous expression proteome,1.923076923076923
GO:0042641,actomyosin,7,6,3.12,0.03381,Continuous expression proteome,1.923076923076923
GO:0097203,phagocytic cup lip,7,6,3.12,0.03381,Continuous expression proteome,1.923076923076923
GO:0016471,vacuolar proton-transporting V-type ATPase complex,7,6,3.12,0.03381,Continuous expression proteome,1.923076923076923
GO:0000786,nucleosome,7,6,3.12,0.03381,Continuous expression proteome,1.923076923076923
GO:0005885,Arp2/3 protein complex,7,6,3.12,0.03381,Continuous expression proteome,1.923076923076923
GO:0031252,cell leading edge,91,53,40.57,0.03657,Continuous expression proteome,1.3063840276066059
GO:0070685,macropinocytic cup,22,15,9.81,0.03921,Continuous expression proteome,1.529051987767584
GO:0061836,intranuclear rod,9,7,4.01,0.04694,Continuous expression proteome,1.745635910224439
GO:0030126,COPI vesicle coat,9,7,4.01,0.04694,Continuous expression proteome,1.745635910224439
GO:0030127,COPII vesicle coat,9,7,4.01,0.04694,Continuous expression proteome,1.745635910224439
GO:0000331,contractile vacuole,42,31,18.72,0.05097,Continuous expression proteome,1.655982905982906
GO:0031932,TORC2 complex,6,5,2.67,0.06622,Continuous expression proteome,1.8726591760299627
GO:0098800,inner mitochondrial membrane protein complex,11,6,4.9,0.06644,Continuous expression proteome,1.2244897959183672
GO:0030687,"preribosome, large subunit precursor",17,11,7.58,0.0768,Continuous expression proteome,1.4511873350923483
GO:0030027,lamellipodium,27,19,12.04,0.08252,Continuous expression proteome,1.5780730897009967
GO:0030134,COPII-coated ER to Golgi transport vesicle,24,17,10.7,0.08334,Continuous expression proteome,1.5887850467289721
GO:0019005,SCF ubiquitin ligase complex,8,6,3.57,0.08431,Continuous expression proteome,1.680672268907563
GO:0005795,Golgi stack,10,4,4.46,0.08884,Continuous expression proteome,0.8968609865470852
GO:0005905,clathrin-coated pit,20,14,8.92,0.10485,Continuous expression proteome,1.5695067264573992
GO:0005732,sno(s)RNA-containing ribonucleoprotein complex,17,12,7.58,0.10509,Continuous expression proteome,1.5831134564643798
GO:0005793,endoplasmic reticulum-Golgi intermediate compartment,12,8,5.35,0.10573,Continuous expression proteome,1.4953271028037385
GO:0005765,lysosomal membrane,25,16,11.14,0.11894,Continuous expression proteome,1.436265709156194
GO:0005769,early endosome,20,12,8.92,0.12208,Continuous expression proteome,1.345291479820628
GO:0005762,mitochondrial large ribosomal subunit,22,13,9.81,0.12355,Continuous expression proteome,1.325178389398573
GO:0005663,DNA replication factor C complex,5,4,2.23,0.12686,Continuous expression proteome,1.7937219730941705
GO:0030904,retromer complex,5,4,2.23,0.12686,Continuous expression proteome,1.7937219730941705
GO:0045275,respiratory chain complex III,5,4,2.23,0.12686,Continuous expression proteome,1.7937219730941705
GO:1990726,Lsm1-7-Pat1 complex,5,4,2.23,0.12686,Continuous expression proteome,1.7937219730941705
GO:0005826,actomyosin contractile ring,5,4,2.23,0.12686,Continuous expression proteome,1.7937219730941705
GO:0031428,box C/D RNP complex,5,4,2.23,0.12686,Continuous expression proteome,1.7937219730941705
GO:0005741,mitochondrial outer membrane,17,8,7.58,0.12723,Continuous expression proteome,1.0554089709762533
GO:0005813,centrosome,53,28,23.63,0.1405,Continuous expression proteome,1.1849344054168431
GO:0061474,phagolysosome membrane,7,5,3.12,0.14724,Continuous expression proteome,1.6025641025641024
GO:0045121,membrane raft,7,5,3.12,0.14724,Continuous expression proteome,1.6025641025641024
GO:0019773,"proteasome core complex, alpha-subunit complex",7,5,3.12,0.14724,Continuous expression proteome,1.6025641025641024
GO:0030659,cytoplasmic vesicle membrane,136,93,60.62,0.15162,Continuous expression proteome,1.534147146156384
GO:0072686,mitotic spindle,9,6,4.01,0.15905,Continuous expression proteome,1.4962593516209477
GO:0005736,RNA polymerase I complex,11,7,4.9,0.1661,Continuous expression proteome,1.4285714285714284
GO:0032433,filopodium tip,11,7,4.9,0.1661,Continuous expression proteome,1.4285714285714284
GO:0005834,heterotrimeric G-protein complex,11,7,4.9,0.1661,Continuous expression proteome,1.4285714285714284
GO:0099512,supramolecular fiber,65,43,28.98,0.1954,Continuous expression proteome,1.4837819185645273
GO:0099513,polymeric cytoskeletal fiber,58,38,25.85,0.19588,Continuous expression proteome,1.4700193423597678
GO:0030286,dynein complex,7,7,3.12,0.19796,Continuous expression proteome,2.2435897435897436
GO:1905360,GTPase complex,13,9,5.8,0.19812,Continuous expression proteome,1.5517241379310345
GO:0030132,clathrin coat of coated pit,8,6,3.57,0.19831,Continuous expression proteome,1.680672268907563
GO:0005911,cell-cell junction,24,13,10.7,0.2283,Continuous expression proteome,1.2149532710280375
