GO.ID,Term,Annotated,Significant,Expected,Fis,Stage,Enrichment
GO:0006412,translation,262,179,118.18,4.6e-06,Continuous expression proteome,1.514638686749027
GO:0001732,formation of cytoplasmic translation initiation complex,14,14,6.31,1.4e-05,Continuous expression proteome,2.218700475435816
GO:0032787,monocarboxylic acid metabolic process,129,80,58.19,2.7e-05,Continuous expression proteome,1.374806667812339
GO:0009063,amino acid catabolic process,53,42,23.91,6.3e-05,Continuous expression proteome,1.7565872020075282
GO:0002181,cytoplasmic translation,50,42,22.55,0.00012,Continuous expression proteome,1.8625277161862528
GO:0006457,protein folding,79,51,35.63,0.00028,Continuous expression proteome,1.4313780522031994
GO:0009617,response to bacterium,107,64,48.26,0.00028,Continuous expression proteome,1.3261500207210941
GO:0046689,response to mercury ion,17,15,7.67,0.00029,Continuous expression proteome,1.955671447196871
GO:0006909,phagocytosis,106,68,47.81,0.00033,Continuous expression proteome,1.4222965906714076
GO:0043161,proteasome-mediated ubiquitin-dependent protein catabolic process,56,38,25.26,0.00045,Continuous expression proteome,1.5043547110055422
GO:0006099,tricarboxylic acid cycle,27,21,12.18,0.00054,Continuous expression proteome,1.7241379310344829
GO:0032543,mitochondrial translation,21,17,9.47,0.00084,Continuous expression proteome,1.7951425554382259
GO:0006418,tRNA aminoacylation for protein translation,36,26,16.24,0.00086,Continuous expression proteome,1.600985221674877
GO:0043605,amide catabolic process,12,11,5.41,0.00109,Continuous expression proteome,2.033271719038817
GO:1902600,proton transmembrane transport,46,31,20.75,0.00179,Continuous expression proteome,1.4939759036144578
GO:0048523,negative regulation of cellular process,199,91,89.76,0.00229,Continuous expression proteome,1.013814616755793
GO:0099024,plasma membrane invagination,27,18,12.18,0.00374,Continuous expression proteome,1.477832512315271
GO:0006189,'de novo' IMP biosynthetic process,7,7,3.16,0.00377,Continuous expression proteome,2.2151898734177213
GO:0009435,NAD biosynthetic process,7,7,3.16,0.00377,Continuous expression proteome,2.2151898734177213
GO:0009113,purine nucleobase biosynthetic process,7,7,3.16,0.00377,Continuous expression proteome,2.2151898734177213
GO:0046033,AMP metabolic process,7,7,3.16,0.00377,Continuous expression proteome,2.2151898734177213
GO:0140986,G protein-coupled chemorepellent receptor signaling pathway,13,11,5.86,0.00417,Continuous expression proteome,1.8771331058020477
GO:0006094,gluconeogenesis,10,9,4.51,0.00454,Continuous expression proteome,1.9955654101995566
GO:0006096,glycolytic process,18,14,8.12,0.00494,Continuous expression proteome,1.7241379310344829
GO:0006511,ubiquitin-dependent protein catabolic process,88,58,39.69,0.00625,Continuous expression proteome,1.4613252708490805
GO:0006508,proteolysis,224,134,101.04,0.0065,Continuous expression proteome,1.3262074425969912
GO:1901606,alpha-amino acid catabolic process,44,33,19.85,0.00805,Continuous expression proteome,1.6624685138539042
GO:0031034,myosin filament assembly,24,16,10.83,0.00831,Continuous expression proteome,1.477377654662973
GO:1901800,positive regulation of proteasomal protein catabolic process,6,6,2.71,0.00838,Continuous expression proteome,2.2140221402214024
GO:0006552,leucine catabolic process,6,6,2.71,0.00838,Continuous expression proteome,2.2140221402214024
GO:0010918,positive regulation of mitochondrial membrane potential,6,6,2.71,0.00838,Continuous expression proteome,2.2140221402214024
GO:0010421,hydrogen peroxide-mediated programmed cell death,6,6,2.71,0.00838,Continuous expression proteome,2.2140221402214024
GO:0006793,phosphorus metabolic process,239,127,107.8,0.00846,Continuous expression proteome,1.1781076066790352
GO:0009152,purine ribonucleotide biosynthetic process,42,34,18.94,0.00868,Continuous expression proteome,1.7951425554382259
GO:0030838,positive regulation of actin filament polymerization,17,13,7.67,0.00869,Continuous expression proteome,1.694915254237288
GO:0015986,proton motive force-driven ATP synthesis,9,8,4.06,0.00916,Continuous expression proteome,1.9704433497536948
GO:0000281,mitotic cytokinesis,89,55,40.14,0.01142,Continuous expression proteome,1.3702042850024914
GO:0006886,intracellular protein transport,184,98,83,0.01206,Continuous expression proteome,1.180722891566265
GO:0006790,sulfur compound metabolic process,58,40,26.16,0.01749,Continuous expression proteome,1.529051987767584
GO:0006417,regulation of translation,42,27,18.94,0.01793,Continuous expression proteome,1.4255543822597676
GO:0110094,polyphosphate-mediated signaling,8,7,3.61,0.01829,Continuous expression proteome,1.9390581717451525
GO:0043650,dicarboxylic acid biosynthetic process,8,7,3.61,0.01829,Continuous expression proteome,1.9390581717451525
GO:0009168,purine ribonucleoside monophosphate biosynthetic process,14,14,6.31,0.0183,Continuous expression proteome,2.218700475435816
GO:0006631,fatty acid metabolic process,78,38,35.18,0.01833,Continuous expression proteome,1.0801591813530416
GO:0006260,DNA replication,34,16,15.34,0.0185,Continuous expression proteome,1.0430247718383312
GO:1902410,mitotic cytokinetic process,10,9,4.51,0.0185,Continuous expression proteome,1.9955654101995566
GO:0000902,cell morphogenesis,35,20,15.79,0.01853,Continuous expression proteome,1.266624445851805
GO:0061122,positive regulation of positive chemotaxis to cAMP,5,5,2.26,0.0186,Continuous expression proteome,2.212389380530974
GO:0019856,pyrimidine nucleobase biosynthetic process,5,5,2.26,0.0186,Continuous expression proteome,2.212389380530974
GO:0090110,COPII-coated vesicle cargo loading,5,5,2.26,0.0186,Continuous expression proteome,2.212389380530974
GO:0032527,protein exit from endoplasmic reticulum,5,5,2.26,0.0186,Continuous expression proteome,2.212389380530974
GO:0051764,actin crosslink formation,5,5,2.26,0.0186,Continuous expression proteome,2.212389380530974
GO:0006103,2-oxoglutarate metabolic process,5,5,2.26,0.0186,Continuous expression proteome,2.212389380530974
GO:0032261,purine nucleotide salvage,5,5,2.26,0.0186,Continuous expression proteome,2.212389380530974
GO:0072350,tricarboxylic acid metabolic process,5,5,2.26,0.0186,Continuous expression proteome,2.212389380530974
GO:0006536,glutamate metabolic process,13,10,5.86,0.02053,Continuous expression proteome,1.706484641638225
GO:0042274,ribosomal small subunit biogenesis,59,31,26.61,0.02568,Continuous expression proteome,1.1649755730928222
GO:0050766,positive regulation of phagocytosis,10,8,4.51,0.02765,Continuous expression proteome,1.7738359201773837
GO:0030866,cortical actin cytoskeleton organization,25,18,11.28,0.0341,Continuous expression proteome,1.595744680851064
GO:0006090,pyruvate metabolic process,25,20,11.28,0.03527,Continuous expression proteome,1.773049645390071
GO:0072697,protein localization to cell cortex,12,10,5.41,0.03579,Continuous expression proteome,1.8484288354898335
GO:1903530,regulation of secretion by cell,7,6,3.16,0.03602,Continuous expression proteome,1.8987341772151898
GO:0035999,tetrahydrofolate interconversion,7,6,3.16,0.03602,Continuous expression proteome,1.8987341772151898
GO:0006098,pentose-phosphate shunt,7,6,3.16,0.03602,Continuous expression proteome,1.8987341772151898
GO:0006085,acetyl-CoA biosynthetic process,7,6,3.16,0.03602,Continuous expression proteome,1.8987341772151898
GO:0051702,biological process involved in interaction with symbiont,7,6,3.16,0.03602,Continuous expression proteome,1.8987341772151898
GO:1905345,protein localization to cleavage furrow,7,6,3.16,0.03602,Continuous expression proteome,1.8987341772151898
GO:0006091,generation of precursor metabolites and energy,110,78,49.62,0.03846,Continuous expression proteome,1.5719467956469166
GO:0010608,post-transcriptional regulation of gene expression,47,31,21.2,0.04048,Continuous expression proteome,1.4622641509433962
GO:0006144,purine nucleobase metabolic process,16,15,7.22,0.0407,Continuous expression proteome,2.0775623268698062
GO:0030162,regulation of proteolysis,14,14,6.31,0.04071,Continuous expression proteome,2.218700475435816
GO:0045010,actin nucleation,31,19,13.98,0.041,Continuous expression proteome,1.3590844062947067
GO:0009225,nucleotide-sugar metabolic process,14,11,6.31,0.04104,Continuous expression proteome,1.7432646592709986
GO:1902652,secondary alcohol metabolic process,18,11,8.12,0.04123,Continuous expression proteome,1.3546798029556653
GO:0031647,regulation of protein stability,10,7,4.51,0.04127,Continuous expression proteome,1.5521064301552108
GO:0051650,establishment of vesicle localization,13,7,5.86,0.04142,Continuous expression proteome,1.1945392491467577
GO:0000226,microtubule cytoskeleton organization,44,26,19.85,0.04252,Continuous expression proteome,1.309823677581864
GO:0007010,cytoskeleton organization,251,142,113.22,0.04283,Continuous expression proteome,1.2541953718424306
GO:0031157,regulation of aggregate size involved in sorocarp development,14,10,6.31,0.04304,Continuous expression proteome,1.5847860538827259
GO:1903665,negative regulation of asexual reproduction,14,10,6.31,0.04304,Continuous expression proteome,1.5847860538827259
GO:0046847,filopodium assembly,21,13,9.47,0.04307,Continuous expression proteome,1.3727560718057021
GO:0042542,response to hydrogen peroxide,9,7,4.06,0.05022,Continuous expression proteome,1.7241379310344829
GO:0036503,ERAD pathway,20,13,9.02,0.05862,Continuous expression proteome,1.4412416851441243
GO:0006807,nitrogen compound metabolic process,1487,783,670.73,0.06059,Continuous expression proteome,1.1673847897067373
GO:0000463,"maturation of LSU-rRNA from tricistronic rRNA transcript (SSU-rRNA, 5.8S rRNA, LSU-rRNA)",11,8,4.96,0.06153,Continuous expression proteome,1.6129032258064517
GO:0051085,chaperone cofactor-dependent protein refolding,11,8,4.96,0.06153,Continuous expression proteome,1.6129032258064517
GO:0032060,bleb assembly,11,8,4.96,0.06153,Continuous expression proteome,1.6129032258064517
GO:0009066,aspartate family amino acid metabolic process,11,8,4.96,0.06153,Continuous expression proteome,1.6129032258064517
GO:0009070,serine family amino acid biosynthetic process,11,8,4.96,0.06153,Continuous expression proteome,1.6129032258064517
GO:0090382,phagosome maturation,20,11,9.02,0.06179,Continuous expression proteome,1.2195121951219512
GO:0030587,sorocarp development,302,134,136.22,0.06422,Continuous expression proteome,0.9837028336514462
GO:0006119,oxidative phosphorylation,31,19,13.98,0.06919,Continuous expression proteome,1.3590844062947067
GO:0006166,purine ribonucleoside salvage,6,5,2.71,0.06974,Continuous expression proteome,1.845018450184502
GO:0006040,amino sugar metabolic process,6,5,2.71,0.06974,Continuous expression proteome,1.845018450184502
GO:0006122,"mitochondrial electron transport, ubiquinol to cytochrome c",6,5,2.71,0.06974,Continuous expression proteome,1.845018450184502
GO:0006145,purine nucleobase catabolic process,6,5,2.71,0.06974,Continuous expression proteome,1.845018450184502
GO:0045116,protein neddylation,6,5,2.71,0.06974,Continuous expression proteome,1.845018450184502
GO:0061951,establishment of protein localization to plasma membrane,6,5,2.71,0.06974,Continuous expression proteome,1.845018450184502
GO:0030048,actin filament-based movement,6,5,2.71,0.06974,Continuous expression proteome,1.845018450184502
GO:0044837,actomyosin contractile ring organization,6,5,2.71,0.06974,Continuous expression proteome,1.845018450184502
